company,country,city,km_to_budapest,website,email,phone,cans_330ml,carbonated,protein_dairy_capable,moq,setup_fee,price_per_can,lead_time,sources_ingredients,does_lab_compliance,certifications,startup_friendly,status,verified_from,notes
"Opre' Label / Opre' Brothers","Hungary or Slovakia - FILLING SITE UNKNOWN","UNKNOWN - contacts page never opened","UNKNOWN - depends on filling site","www.oprebrothers.hu (/private-label/, /kapcsolatok/)","sales@oprelabel.com","UNKNOWN","YES - 'Opre' Cider Dobozos' canned cider is a live SKU; exact 330 ml confirmation QUOTE REQUIRED","YES - cider, carbonated beverages, kombucha, colas, tonics","COLLAGEN YES - 'collagen beverages' is on the published product list. WHEY/DAIRY UNKNOWN - QUOTE REQUIRED","'Low MOQ ... starting from just one pallet'. *** CANS PER PALLET IS UNKNOWN *** - this project's own two derivations give 1680 and 2880 and CANNOT BOTH BE RIGHT (see notes). CONFIRM IN WRITING BEFORE ANY BUDGET IS PRESENTED","UNKNOWN - QUOTE REQUIRED","UNKNOWN - QUOTE REQUIRED","UNKNOWN - QUOTE REQUIRED","Offers recipe development - scope of ingredient sourcing UNKNOWN - QUOTE REQUIRED","UNKNOWN - QUOTE REQUIRED","UNKNOWN - QUOTE REQUIRED","YES - lowest published MOQ reachable from Hungary","RANK 1 - PRIMARY TARGET FOR BATCH 1","B1 s2.2, B6 s3.2, B7 s3.2 - SEARCH-VERIFIED (search-result extract of the company's own page; page never opened)","*** THE MOQ CONFLICT, UNRESOLVED. *** MOQ-in-cans is DERIVED arithmetic, not a quote, and the project contains two irreconcilable derivations. (A) 14_FIRST_BATCH/this file previously: 330 ml sleek ~53-58 mm dia; Euro pallet 1200x800 ~280/layer x 6 layers = ~1680 cans. (B) logistics/23_SHIPPING.md s1.3: 216 cans/layer, 'use 2880 cans/pallet for planning' (2000-2300 weight-capped), and it calls batch 1 '0.59 of a pallet'. 280 vs 216 cans/layer and 6 vs 12-15 layers cannot both be right. AT 2880 CANS THE MINIMUM ORDER IS ~1,509,120 HUF = EUR 4157 AT 524 HUF/CAN - MORE THAN THE ENTIRE EUR 3000 CAPITAL, and 64% of the 4500-can DRS working cap in one order. ASK: 'how many 330 ml SLEEK cans are on one pallet, and will you fill a PART pallet?' - this is question #1 and it is a hard gate. FORMAT DECIDED: 330 ml SLEEK (~58 mm), not standard 211 (66.3 mm). Brand origin Opre' Cider, Opre' Cidery s.r.o. (opre.sk, Slovakia); oprebrothers.hu is the Hungary-facing arm - LIKELY. ASK FIRST: is the filling site HU or SK (changes freight, DRS and EPR responsibility)."
"Bubee Hungary Kereskedelmi es Szolgaltato Kft.","Hungary","Kiskoros - 6200 Kiskoros, Sarkany Jozsef utca 7",~110 (ESTIMATE ~1h20 by road),"www.bubee.eu / bubeehungary.hu / en.bubee.eu","info@bubee.eu","+36 30 240 0493","YES - aluminium cans 0.2 / 0.25 / 0.33 L on their own line","YES - energy drinks, spritzers, sparkling wine","STRONGEST PUBLISHED SIGNAL IN HUNGARY - explicitly offers contract manufacture of BCAA drinks, sports drinks, functional drinks. DAIRY APPROVAL NUMBER UNKNOWN - QUOTE REQUIRED","UNKNOWN - QUOTE REQUIRED - THE SINGLE MOST IMPORTANT UNKNOWN IN THE HUNGARIAN WORKSTREAM","UNKNOWN - QUOTE REQUIRED","UNKNOWN - QUOTE REQUIRED","UNKNOWN - QUOTE REQUIRED","UNKNOWN - QUOTE REQUIRED","UNKNOWN - QUOTE REQUIRED","UNKNOWN - QUOTE REQUIRED (IFS/BRC/ISO 22000 all unverified)","UNKNOWN - but 25 m cans/yr is small enough that a 1700-can run is a plausible ask","RANK 2 - BEST TECHNICAL FIT / PRIMARY BACKUP","B1 s2.1, B7 s3.3 - SEARCH-VERIFIED (site text via search index; page never opened). Registry details LIKELY (Nemzeti Cegtar/Ceginfo)","New plant handed over April 2025, Kiskoros, ~25 m cans/yr (LIKELY - vira.hu, baon.hu). Proof of third-party work: produces the private-label energy drink for Slovakia's Jednota COOP. Stated to be the only company in Hungary holding both aluminium can filling equipment and a winery licence. Registered 6 Aug 2013, NACE soft drink & mineral water manufacture."
"MONYO Brewing Co. (Monyo Brewing Kft.)","Hungary","Budapest - 1106 Budapest, Maglodi ut 47",0,"www.monyobrewing.hu (/szolgaltatasok/udito-bergyartas)","UNKNOWN - web form only","+36 70 550 2000","YES - sells own MONYO Craft Soda 0.33 L; 'doboz / uvegpalack' named as a briefing choice","YES - documented process: blending -> carbonation -> filling","UNKNOWN - QUOTE REQUIRED. A craft brewery almost certainly holds NO dairy establishment approval","2000 LITRES per batch AND 6000 LITRES per year = ~6060 cans/batch, ~18180 cans/yr (DERIVED: 2000/0.33)","Recipe demo stage 2-3 variants, SEPARATELY CHARGED - amount UNKNOWN - QUOTE REQUIRED","UNKNOWN - QUOTE REQUIRED","UNKNOWN - QUOTE REQUIRED","UNKNOWN - QUOTE REQUIRED","UNKNOWN - QUOTE REQUIRED","UNKNOWN - QUOTE REQUIRED","PARTIALLY - productised contract soft-drink filling, but the annual minimum is anti-startup","RANK 3 - OVER BUDGET FOR BATCH 1, REVISIT AT ROUND 2","B1 s2.4, B6 s3.2, B7 s3.6 - SEARCH-VERIFIED","PAYMENT TERMS PUBLISHED: 50% deposit before production starts, balance ~15-day terms. Plant 12000 hl/yr freely combinable beer/soft drink. THE TRAP IS THE 6000 L/YEAR ANNUAL MINIMUM - ~18180 cans/yr blows through the ~5000-can DRS ceiling. Negotiate it explicitly or walk. HopTop Sorfozo Zrt. is registered at the SAME address - establish who owns which vessels before contracting."
"Sajatital.hu / HUNGARIAN ENERGY DRINK Kereskedelmi es Szolgaltato Kft.","Hungary","Budapest - 1162 Budapest, Baross utca 282",0,"www.sajatital.hu","sajatital.hu@gmail.com - orders accepted EXCLUSIVELY via this address","UNKNOWN","UNKNOWN - QUOTE REQUIRED. Energy-drink product implies 250 ml, NOT confirmed","YES - own-logo energy drink or fruit-flavoured carbonated soft drink","UNKNOWN - QUOTE REQUIRED - very likely NO","FROM 1500 UNITS - the lowest published unit MOQ in Hungary","UNKNOWN - QUOTE REQUIRED","UNKNOWN - QUOTE REQUIRED","UNKNOWN - QUOTE REQUIRED","Yes - design, graphics, production, packaging, delivery (free within Budapest)","UNKNOWN - QUOTE REQUIRED","UNKNOWN - QUOTE REQUIRED","YES on MOQ - NO on formulation control","RANK 4 - CHEAP 'SOMETHING PHYSICAL IN HAND', NOT A PRODUCTION PARTNER","B1 s3.1, B7 s3.6 - SEARCH-VERIFIED. Registry data LIKELY (Nemzeti Cegtar): cegjegyzekszam 13-09-141654, adoszam 23006557-2-42","BROKER WARNING: registered main activity is BEVERAGE WHOLESALE (ital nagykereskedelme), NOT manufacture. LIKELY buys capacity on someone else's line and adds artwork - which is exactly why they can quote 1500 units. A 20 g protein soda is a formulation job, not a label job."
"Private Label Drink","Hungary (site only - PLANT LOCATION UNKNOWN)","UNKNOWN","UNKNOWN","www.privatelabeldrink.hu","UNKNOWN - contact page egress-blocked","UNKNOWN","YES - aluminium can filling advertised","YES - soft drinks, functional drinks, wine-based cocktails, alcoholic RTD","UNKNOWN - QUOTE REQUIRED ('functional drinks' is not 20 g protein)","15000 cans at 330 ml; 20000 at 250 ml. HALF QUANTITY ON A FIRST ORDER = 7500 x 330 ml","UNKNOWN - QUOTE REQUIRED","UNKNOWN - QUOTE REQUIRED","15 days after raw materials arrive","Own recipe accepted, or development support provided","Certificate of Analysis with every production batch; all raw materials stated EU-compliant","UNKNOWN - QUOTE REQUIRED","Positions itself as 'full-service contract manufacturing and aluminium can filling for START-UP and existing beverage brands'","RANK 5 - DO NOT PAY ANYTHING UNTIL THE LEGAL ENTITY IS IDENTIFIED","B1 s2.3, B7 s3.6 - SEARCH-VERIFIED","*** WARNING: LEGAL ENTITY UNIDENTIFIED. *** This is a marketing front-site whose operating company could not be identified. BEFORE PAYING ANYTHING get the Kft. name, adoszam and physical plant address and check them in Nemzeti Cegtar / OPTEN. It may be a broker reselling capacity at Bubee or abroad. That is not disqualifying - but you must know whose line you are on. 7500 cans = 2475 L."
"Drink Creator","Hungary","UNKNOWN - production site stated to be in Hungary","UNKNOWN","drinkcreator.hu (HU) / drinkscreator.com (EN)","UNKNOWN - contact form only, page egress-blocked","UNKNOWN","NO CANS - 200 / 250 / 330 ml GLASS bottles only","YES - tonic water, ginger ale, lemonade, ginger beer","UNKNOWN - QUOTE REQUIRED","'Low MOQ' stated, NO FIGURE PUBLISHED - QUOTE REQUIRED","UNKNOWN - QUOTE REQUIRED","UNKNOWN - QUOTE REQUIRED","UNKNOWN - QUOTE REQUIRED","UNKNOWN - QUOTE REQUIRED","UNKNOWN - QUOTE REQUIRED","UNKNOWN - QUOTE REQUIRED","YES - explicitly: 'main goal is to help small businesses and startups produce their first private-label drinks, offering a low MOQ at a reasonable unit price'","RANK 6 - WRONG PACK, RIGHT PEOPLE FOR THE RECIPE","B1 s3.2, B7 s3.6 - SEARCH-VERIFIED","The most explicitly startup-friendly Hungarian beverage developer found. Led by the maker of &T Tonic Water, the first premium Hungarian tonic. Portfolio page /projektek/ includes a Tokaj Gin RTD project. Also runs a course (/kurzus/). VALUE HERE IS FORMULATION EXPERTISE AT LOW pH + HIGH CARBONATION - talk to them about the recipe even if you can elsewhere. Glass is wrong for a gym bag (weight, breakage; many gyms ban glass)."
"HELL ENERGY Magyarorszag Kft.","Hungary","Szikszo, Borsod-Abauj-Zemplen",~180-190 (ESTIMATE ~2h15),"www.hellenergy.com (/ind/ind-factory/) - EGRESS-BLOCKED, NEVER OPENED","B2B CONTACT NOT FOUND - DELIBERATELY NOT GUESSED","B2B CONTACT NOT FOUND - DELIBERATELY NOT GUESSED","YES - 250, 330, 475, 500 ml","YES","LIKELY (trade press only; hellenergy.com was EGRESS-BLOCKED and never opened) - THE ONLY DAIRY-CAPABLE ALUMINIUM CAN LINE IDENTIFIED IN THIS RESEARCH IN HUNGARY. Reported as Hungary's first aluminium-can milk-based beverage plant, opened Sept 2020, HUF 8 bn investment, up to 50000 cans/hour, HELL Energy Coffee Latte/Cappuccino/Slim Latte. *** NOT CONFIRMED, AND 'THE ONLY' IS AN ASSERTION ABOUT ALL OF HUNGARY MADE WITHOUT OPENING A SINGLE SUPPLIER PAGE. ***","UNKNOWN - QUOTE REQUIRED. Realistically hundreds of thousands to millions of cans","UNKNOWN - QUOTE REQUIRED","UNKNOWN - QUOTE REQUIRED","UNKNOWN - QUOTE REQUIRED","Integrated aluminium can MANUFACTURING + beverage filling on one site - rare in Europe","UNKNOWN - QUOTE REQUIRED","UNKNOWN - QUOTE REQUIRED","NO - a line rated 50000 cans/hour produces a 7500-can batch in nine minutes","RANK 7 - SEND ONE ENQUIRY TO SET THE CEILING, EXPECT A NO. YEAR-3 PARTNER, NOT LAUNCH PARTNER","B1 s4.1, B7 s3.6 - LIKELY (trade press: metalpackager.com, packaging-gateway.com, alcircle.com, origo.hu, feol.hu, index.hu, 168.hu)","Third-party filling is press PARAPHRASE, not a published service offer: reported that the line 'also provides contract manufacturing services for other clients'. Azerbaijan (Alat) plant fills 'mainly to meet the demands of local and regional third-party brands' - suggests third-party filling is deliberate group strategy. TELLING DETAIL: HELL had their own canned coffee CONTRACT-MANUFACTURED IN GERMANY UNTIL 2020 before building the line - direct evidence that German dairy-can co-packers exist and take third-party work. CONTACT MUST BE FOUND ON THEIR OWN SITE OR LINKEDIN - it was not retrieved and has not been guessed."
"HopTop Sorfozo Zrt.","Hungary","Budapest - 1106 Budapest, Maglodi ut 47",0,"hoptop.hu/gerilla-sorfozes","webshop@hoptop.hu","+36 20 371 1787","UNKNOWN - QUOTE REQUIRED","YES (beer)","UNKNOWN - QUOTE REQUIRED - very likely NO","UNKNOWN - QUOTE REQUIRED - offers 'gerilla' contract brewing in SMALL RUNS","UNKNOWN - QUOTE REQUIRED","UNKNOWN - QUOTE REQUIRED","UNKNOWN - QUOTE REQUIRED","UNKNOWN - QUOTE REQUIRED","UNKNOWN - QUOTE REQUIRED","UNKNOWN - QUOTE REQUIRED","YES on batch size - BEER-FOCUSED, soft-drink capability UNKNOWN","LEAD - ASK 'WHO CANS FOR YOU' (free intelligence)","B1 s8, B6 s3.2 - SEARCH-VERIFIED","Offers small-run own-brand contract brewing incl. labelling and bottling. Shares the Maglodi ut 47 site with MONYO. Worth one Hungarian sentence: 'Ki dobozol nektek - sajat soron vagy mobil szolgaltatoval?'"
"Feher Nyul Brewery","Hungary","Budapest - 1095 Budapest, Soroksari ut 110-112",0,"fehernyul.hu (blog: /blog/az-aludoboz-es-a-kraft-sor)","info@fehernyul.hu / event@fehernyul.hu","+36 30 4298 667","UNKNOWN - CONTRACT CANNING FOR THIRD PARTIES NOT CONFIRMED","YES (beer)","UNKNOWN - QUOTE REQUIRED - very likely NO","UNKNOWN - QUOTE REQUIRED","UNKNOWN - QUOTE REQUIRED","UNKNOWN - QUOTE REQUIRED","UNKNOWN - QUOTE REQUIRED","UNKNOWN - QUOTE REQUIRED","UNKNOWN - QUOTE REQUIRED","UNKNOWN - QUOTE REQUIRED","UNKNOWN","LEAD - BEST-INFORMED PARTY ON HUNGARIAN MOBILE CANNING","B1 s8, B6 s3.2 - SEARCH-VERIFIED","~200000 L fermentation capacity (2019, up from 150000 L in 2017). AUTHORED THE HUNGARIAN MOBILE-CANNING BLOG POST stating mobile canning lines have arrived in Hungary - therefore the single best party to ask who actually operates one. Office hours Mon-Fri 09:00-16:30."
"TUTTI Kft.","Hungary","UNKNOWN","UNKNOWN","tutti.hu/bergyartas","UNKNOWN - QUOTE REQUIRED","UNKNOWN - QUOTE REQUIRED","NO - POWDER ONLY, NOT LIQUID","N/A","POWDER contract manufacturing - protein powder capability UNKNOWN - QUOTE REQUIRED","UNKNOWN - QUOTE REQUIRED","UNKNOWN - QUOTE REQUIRED - THE SWING FACTOR FOR A POWDER SKU","UNKNOWN - QUOTE REQUIRED","UNKNOWN - QUOTE REQUIRED","UNKNOWN - QUOTE REQUIRED","UNKNOWN - QUOTE REQUIRED","UNKNOWN - QUOTE REQUIRED","UNKNOWN","LEAD - THE ONLY HUNGARIAN NAME ON THE POWDER-SACHET BRIDGE ROUTE","B1 s8, B6 s7.4 - SEARCH-VERIFIED","Contract manufacturing for POWDER-BASED FOODS ONLY, explicitly not liquid. Relevant if a powder stick-pack bridge SKU is used to fund the can run (B6 route 1). ASK: minimum batch, stick-pack vs sachet, SETUP FEE, price per unit at 1000 / 3000 / 10000."
"Kikimix Co. Kft.","Hungary","UNKNOWN","UNKNOWN","kikimix.hu/bergyartas2/","UNKNOWN - QUOTE REQUIRED","UNKNOWN - QUOTE REQUIRED","UNKNOWN - formats not stated","UNKNOWN","UNKNOWN - QUOTE REQUIRED","UNKNOWN - QUOTE REQUIRED","UNKNOWN - QUOTE REQUIRED","UNKNOWN - QUOTE REQUIRED","UNKNOWN - QUOTE REQUIRED","N/A - is itself a possible ingredient/flavour supplier","UNKNOWN - QUOTE REQUIRED","UNKNOWN - QUOTE REQUIRED","UNKNOWN","LEAD - LIKELY A SYRUP/FLAVOUR-BASE SUPPLIER, NOT A FILLER","B1 s8, B6 s7.4 - SEARCH-VERIFIED","Bergyartas of flavourings, extracts, jams, soft drinks, fruit syrups and purees; states it handles special requirements. Possible flavour-system supplier for the Lemon-Lime profile."
"Allinpackaging.hu","Hungary","UNKNOWN","UNKNOWN","allinpackaging.hu/bertoltes-bergyartas","UNKNOWN - QUOTE REQUIRED","UNKNOWN - QUOTE REQUIRED","N/A - packaging supplier","N/A","N/A","N/A","N/A","N/A","N/A","POSSIBLE SOURCE OF CAN / SLEEVE SUPPLY","N/A","UNKNOWN","N/A","LEAD - A BROKER/REFERRAL PAGE, NOT A FILLER","B1 s8 - LIKELY","Packaging supplier running a bertoltes/bergyartas REFERRAL page. Use only as a possible route to blank cans and shrink sleeves."
"Coca-Cola HBC Magyarorszag Kft.","Hungary","Dunaharaszti",~20 (ESTIMATE),"UNKNOWN","UNKNOWN","UNKNOWN","YES - eight production lines covering cans, bottles, Bag-in-Box, carbonated and still","YES","UNKNOWN - no evidence","NO EVIDENCE OF THIRD-PARTY CONTRACT FILLING FOUND","N/A","N/A","N/A","N/A","N/A","UNKNOWN","NO","RULED OUT - realistically a closed system (fills its own and TCCC-licensed brands). Recorded for completeness","B1 s4.2 - LIKELY (moderngyarakejszakaja.hu, dunaharasztionline.hu, profitline.hu, jovogyara.hu)","New fully-automated line + 3000 m2 hall inaugurated Dec 2023: EUR 23 m / HUF 8.7 bn, +30% capacity."
"Szentkiralyi Magyarorszag Kft.","Hungary","Szentkiraly + Kekkut","UNKNOWN","szentkiralyimagyarorszag.hu (/kapcsolat/, /markak/) - EGRESS-BLOCKED","UNKNOWN - QUOTE REQUIRED","UNKNOWN - QUOTE REQUIRED","CANS NOT CONFIRMED - formats stated PET (BPA-free granulate) and glass","YES","UNKNOWN - QUOTE REQUIRED","UNKNOWN - QUOTE REQUIRED","UNKNOWN - QUOTE REQUIRED","UNKNOWN - QUOTE REQUIRED","UNKNOWN - QUOTE REQUIRED","UNKNOWN - QUOTE REQUIRED","UNKNOWN - QUOTE REQUIRED","UNKNOWN - QUOTE REQUIRED","UNKNOWN - large group, no small-batch signal","LOW PRIORITY - PROVEN THIRD-PARTY FILLER BUT CANS UNCONFIRMED","B1 s4.3 - LIKELY (companywall.hu, OPTEN, company site summary)","Hungary's largest domestic mineral water / soft drink group; 600 employees, HUF 49.5 bn revenue (2025). PROVEN third-party/licence filling: produces Pepsi, Mirinda, Schweppes, Canada Dry at Szentkiraly; bottles Theodora Calcia, Emese and Nestle Aquarel at Kekkut. GROUP ABSORBED Kekkuti Asvanyviz and therefore Theodora - approach Kekkut/Theodora/(likely)Fonyodi THROUGH this company, not separately."
"Sio-Eckes Kft.","Hungary","Siofok - 8600 Siofok, Gyumolcs utca 6",~105 (ESTIMATE),"www.sioeckes.hu","UNKNOWN - QUOTE REQUIRED","84/501500 (+36 84 501 500)","NO EVIDENCE","NO EVIDENCE - still juice technology","UNKNOWN - QUOTE REQUIRED","UNKNOWN - QUOTE REQUIRED","UNKNOWN - QUOTE REQUIRED","UNKNOWN - QUOTE REQUIRED","UNKNOWN - QUOTE REQUIRED","UNKNOWN - QUOTE REQUIRED","UNKNOWN - QUOTE REQUIRED","UNKNOWN - QUOTE REQUIRED","UNKNOWN","LOW PRIORITY - WRONG TECHNOLOGY","B1 s4.4 - LIKELY (cylex.hu, ceginfo.hu, companywall.hu, OPTEN)","Owner Eckes-Granini International Beteiligungs GmbH. Making fruit juice in Siofok since 1977. 124 employees, HUF 15.0 bn revenue (2024). Contract mfg not advertised. Xixo is a Sio brand - approach via this entity."
"Maspex Olympos Kft.","Hungary","Nyarlorinc, Bacs-Kiskun (NOT Nyirbator - correction to earlier briefs)",~95 (ESTIMATE),"maspex.hu","UNKNOWN - QUOTE REQUIRED","UNKNOWN - QUOTE REQUIRED","NO EVIDENCE","YES - Apenta is carbonated/flavoured mineral water, so carbonation capability exists","UNKNOWN - QUOTE REQUIRED","UNKNOWN - QUOTE REQUIRED","UNKNOWN - QUOTE REQUIRED","UNKNOWN - QUOTE REQUIRED","UNKNOWN - QUOTE REQUIRED","UNKNOWN - QUOTE REQUIRED","UNKNOWN - QUOTE REQUIRED","UNKNOWN - QUOTE REQUIRED","UNKNOWN","LOW PRIORITY - NO PUBLISHED CONTRACT-MANUFACTURING OFFER","B1 s4.5 - LIKELY (maspex.hu, OPTEN, cylex.hu)","Hungarian subsidiary of the Polish Maspex Group, in Hungary since 1998. 210 employees, HUF 58.8 bn revenue. Brands: Olympos, Apenta, Kubu, Topjoy, Nestea, Plusssz, LaFesta, Brumi, Ekland, Coffeeta. NACE soft drinks + mineral/bottled water. NOTE: a Hungarian-language entry point into a Polish group - useful if Poland is ever re-researched."
"BeverageScouts production & development GmbH","Austria","Hollabrunn (production sites Hollabrunn and St. Polten)",~300 (ESTIMATE: Vienna-Budapest 243 + Hollabrunn-Vienna ~60),"www.beveragescouts.com (/de/getraenkeabfuellung-abfuellanlage.php, /de/frequently-asked-questions.php)","office@beveragescouts.com - RE-VERIFY BEFORE SENDING","+43 (0) 2952 36063 - RE-VERIFY BEFORE CALLING","YES - 150/200/250/330/355/500 ml; 330 ml Sleek confirmed on the micro-line","YES - 'both non-carbonated and carbonated beverages can be filled'","UNKNOWN - QUOTE REQUIRED. Recipe development offered for beverages AND LIQUID FOOD SUPPLEMENTS - whey is not named. THIS IS THE QUESTION TO ASK THEM","TEST FILLINGS FROM 1000 CANS (lowest published can MOQ found anywhere in AT/DE). Regular line from 20000. Micro-line 20000-50000 in 250 ml Slim + 330 ml Sleek. PRINTED cans 150000 per variety and order","UNKNOWN - QUOTE REQUIRED","UNKNOWN - QUOTE REQUIRED","UNKNOWN - QUOTE REQUIRED","Recipe development offered as a service","UNKNOWN - QUOTE REQUIRED","UNKNOWN - QUOTE REQUIRED","YES, STRUCTURALLY - they publish a test-filling tier","RANK 3 OF THE NON-HUNGARIAN OPTIONS - BEST TECHNICAL PROCESS UNDER EUR 3000","B2 s2.1, B6 s1.2, B7 s3.4 - SEARCH-VERIFIED (site text via search index and wlw.de listing; page never opened)","*** POST-FILL TUNNEL PASTEURISATION: 'All cans are pasteurised after filling, so no chemical preservatives are required.' *** That is the technically correct answer for a pH 3.2 protein can - it lets you drop potassium sorbate entirely. Main line since 2009, up to 40000 cans/hour. Packed in trays of 12 or 24. Named contact Michael Heinzl (LIKELY, getraenkeverband.at). Active since 2006. OPEN TECHNICAL RISKS: foaming/protein deposit on the filler; can internal lacquer spec at low pH; whether the pasteuriser's PU load hazes a clear protein soda; micro-line seamer at higher headspace pressure."
"FULLKOPF GmbH","Germany","Steinheim am Albuch, OT Sohnstetten - Fabrikstr. 1, 89555, Baden-Wurttemberg",~820 (ESTIMATE: Budapest-Munich ~690 + ~130 NW),"https://fuellkopf.com/","info@fuellkopf.com - RE-VERIFY BEFORE SENDING","UNKNOWN - a number exists on the gelbeseiten.de listing; NOT SURFACED, NOT GUESSED","YES - Standard 500/330 ml, Sleek 330/250 ml, Slim 250/200 ml","YES - beer, energy drinks, lemonades, soft drinks, RTDs","*** THE ONLY CO-PACKER IN EUROPE FOUND WHOSE OWN SITE NAMES 'PROTEIN DRINKS' AND 'BCAA' AS PRODUCT CATEGORIES. *** Dairy approval scope UNKNOWN - QUOTE REQUIRED","FROM 10000 CANS - site strapline 'FULLKOPF GmbH - Lohnabfullung Dose | Can Filling | Co-Packing | +10.000 cans'. CONFIRM this is a true minimum and not a marketing floor","UNKNOWN - QUOTE REQUIRED","UNKNOWN - QUOTE REQUIRED","UNKNOWN - QUOTE REQUIRED","UNKNOWN - QUOTE REQUIRED","UNKNOWN - QUOTE REQUIRED","IFS and BIO (organic)","YES, EXPLICITLY - trade press: 'offers small batches, making it a suitable partner for start-ups, small breweries and mid-sized manufacturers'","OUT OF REACH FOR BATCH 1 (10000 cans) - BUT SEND THE ONE HIGHEST-VALUE EMAIL IN THE PROJECT","B2 s3.1, B7 s3.1 - SEARCH-VERIFIED site text; founder/press details LIKELY (inside-getraenke.de, about-drinks.com, dbmb.de)","Can line designed for 35-40 m cans/year. Founded June 2021 by three former Uberkinger employees: Simon Groner, Florian Buhner, Stefano Sambito (ex-national sales manager) - ADDRESS THE ENQUIRY TO SAMBITO. *** THE SINGLE HIGHEST-EXPECTED-VALUE UNASKED QUESTION IN THE WHOLE PROJECT: 'Do you have an EXISTING protein or BCAA formulation we can take under our own label, and at what MOQ and price versus a custom recipe?' *** Also ask whether the IFS scope covers dairy-derived ingredients."
"Taste Your Brand GmbH","Germany","Hamburg",~1150 (ESTIMATE),"www.tasteyourbrand.com (/prototyping, /lohnabfuellung-getraenke, /getraenkeentwicklung, /kontakt)","UNKNOWN - routes through a booking page offering a FREE 30-45 min non-binding consultation","UNKNOWN","YES - 0.25 L Slim, 0.33 L Sleek, 0.33 L Classic","YES - still and carbonated UP TO 5 g/L CO2 (real soda level: tonic ~5-6, Coke ~7)","UNKNOWN - QUOTE REQUIRED - protein is not named","PROTOTYPING FROM 50 LITRES - site states this is approx. 150 x 330 ml. Contract filling from 2000 L via partner network (~6060 cans)","UNKNOWN - QUOTE REQUIRED","UNKNOWN - QUOTE REQUIRED","UNKNOWN - QUOTE REQUIRED","Recipe development offered: 'first concepts into scalable, economical recipes'","UNKNOWN - QUOTE REQUIRED","UNKNOWN - QUOTE REQUIRED","YES - THIS IS THEIR ENTIRE BUSINESS MODEL. 'Unlike pure brokers or consultants, we operate our own in-house can filling facility' / 'industrial quality without industrial minimum quantities'","BEST PROTOTYPE ROUTE IN EUROPE - A PROOF, NOT SELLABLE STOCK","B2 s3.2, B6 s1.2, B7 s3.5 - SEARCH-VERIFIED","THE LOWEST ABSOLUTE MINIMUM FOUND ANYWHERE: ~150 real 330 ml cans. Buys gym-manager tastings, a shelf-life trial, photography, an investor sample and a Hungarian label test. *** CRITICAL QUESTION: does the 50 L prototyping line SEAM ONLY, or SEAM AND PASTEURISE? *** With no thermal step and no preservative a pH 3.2 protein can has a fridge-only shelf life of days-to-weeks - fine for tastings, useless for gym distribution. At 150 cans, COURIER OR COLLECT - do not freight."
"Starzinger GmbH & Co KG","Austria","Frankenmarkt, Upper Austria",~470 (ESTIMATE),"www.starzinger.com (/de/startup-launch-program, /en/private-labeling/flexible-contract-bottling, /en/contact)","UNKNOWN - QUOTE REQUIRED (contact page exists, never opened)","UNKNOWN - QUOTE REQUIRED","330 ml SPECIFICALLY UNKNOWN - QUOTE REQUIRED (sizes not enumerated in indexed text)","YES - soft drinks, mixers, iced tea portfolio","UNKNOWN - QUOTE REQUIRED","STARTUP LAUNCH PROGRAM FROM 25000 CANS (standard minimum 125000 cans or 50000 PET)","UNKNOWN - QUOTE REQUIRED","UNKNOWN - QUOTE REQUIRED","'Market in a few weeks' claimed - QUOTE REQUIRED","Structured technical onboarding from the recipe to all relevant filling specifications","UNKNOWN - QUOTE REQUIRED","UNKNOWN - QUOTE REQUIRED","YES, EXPLICITLY BY NAME - a published startup programme","ROUND-2 TARGET - QUOTE IT NOW SO THE NUMBER EXISTS IN YOUR PITCH DECK","B2 s2.2, B7 s3.6 - SEARCH-VERIFIED","25000 cans x 330 ml = 8250 L. A real commercial launch quantity, not a test. Dedicated single point of contact coordinating planning-production-delivery. ~1000 private-label products produced for customers on all continents (LIKELY, cash.at)."
"Bayerndose GmbH (competence centre of Privatbrauerei H. Egerer)","Germany","Pilsting - Dachinger Str. 27, 94431 (facility at Grosskollnbach), Lower Bavaria",~650 - CLOSEST GERMAN CAN CO-PACKER (ESTIMATE),"www.bayern-dose.de (/leistungen.aspx, /kontakt.aspx)","info@bayern-dose.de - RE-VERIFY","+49 9953 3010 (local 09953 3010); fax 09953 30130","WITHIN RANGE 250-950 ml; SPECIFIC 330 ml SLEEK AVAILABILITY UNKNOWN - QUOTE REQUIRED","YES - brewery/mineral-water heritage, beer and soft drinks","UNKNOWN - QUOTE REQUIRED - dairy approval UNLIKELY at a brewery-heritage site","FROM 25000 CANS ('Abfullung ausgelegt auf Kleinmengen (ab 25.000 Dosen)')","UNKNOWN - QUOTE REQUIRED","UNKNOWN - QUOTE REQUIRED","UNKNOWN - QUOTE REQUIRED","UNKNOWN - QUOTE REQUIRED","YES - IN-HOUSE ANALYSIS AND LABORATORY WORK, plus label/decor development and design support, QA, product-development consulting, DPG deposit handling","UNKNOWN - QUOTE REQUIRED","YES, EXPLICITLY - 'a high-quality service provider and contract filler for beverage cans with a focus on small and medium-sized breweries and beverage producers'","ROUND-2 TARGET - BEST COMBINATION OF PROXIMITY AND SMALL-BATCH POSTURE IN GERMANY","B2 s3.4, B7 s3.6 - SEARCH-VERIFIED; opening date LIKELY (neue-verpackung.de, einweg-mit-pfand.de)","Opened spring 2015 as a 'competence centre for beverage cans'. Line speed 13500 cans/hour. The in-house lab and design support materially de-risk a first-time founder. DPG service is irrelevant for a Hungary-first launch but valuable the day you sell into Germany. Contact through Bayerndose, NOT through the brewery."
"Canable GmbH","Germany","Blankenfelde-Mahlow (southern outskirts of Berlin)",~890 (ESTIMATE),"www.canable.co/de (/canning/softdrinks, /canning/funktionelle-getranke)","UNKNOWN - website uses contact forms","UNKNOWN","YES - Standard, Slim and Sleek, 150-500 ml","YES - soft drinks, energy drinks, seltzers, cider drinks, teas, cocktails, kombucha, wine, coffee","UNKNOWN - QUOTE REQUIRED - but runs a dedicated 'Funktionelle Getranke' canning page","FROM 6000 LITRES on the current site (~18180 x 330 ml). Trade press cited 3000 L in Aug 2023 - the minimum appears to have RISEN. Use 6000 L as the working number","UNKNOWN - QUOTE REQUIRED","UNKNOWN - QUOTE REQUIRED","UNKNOWN - QUOTE REQUIRED","UNKNOWN - QUOTE REQUIRED","UNKNOWN - QUOTE REQUIRED","UNKNOWN - QUOTE REQUIRED","YES - founded specifically to serve low-minimum customers; EUWID headline 'Start-up Canable: contract filling of beverage cans from a low minimum quantity'","LOW PRIORITY - DOMINATED BY BEVERAGESCOUTS ON BOTH DISTANCE AND MINIMUM","B2 s3.3, B7 s3.6 - SEARCH-VERIFIED site text; 3000 L figure LIKELY (EUWID Verpackung, 09.08.2023)","Sales manager Marcel Bursch is named for booking consultations. If contacted, ask which figure is current - 3000 or 6000 L."
"FAUSTCATCHER DRINKS","Germany","EXACT ADDRESS UNKNOWN. Dialling code 06401 corresponds to the Hungen / Lich area of Hessen (~50 km N of Frankfurt) - INFERENCE, NOT A FINDING",~1000 (ESTIMATE - contingent on the Hessen inference),"www.faustcatcher.com/lohnabfuellung / www.faustcatcher-drinks.com/en/lohnabfuellung","UNKNOWN - the site deliberately obfuscates the address against spam bots","+49 6401-9059410 - RE-VERIFY","Can filling yes; CAN SIZES UNKNOWN - QUOTE REQUIRED","YES - explicitly 'with or without carbonation', plus nitrogen/nitro filling","UNKNOWN - QUOTE REQUIRED - cocktails are the flagship","'Small quantities of just a few thousand pieces are not a problem for us' - NO EXACT FIGURE PUBLISHED. GET THE NUMBER BY PHONE","UNKNOWN - QUOTE REQUIRED","UNKNOWN - QUOTE REQUIRED","UNKNOWN - QUOTE REQUIRED","UNKNOWN - QUOTE REQUIRED","UNKNOWN - QUOTE REQUIRED","UNKNOWN - QUOTE REQUIRED. VAT ID DE292991181","YES - 'regardless of filling quantities, and whether you have a finished drink or just an idea, we work together to find the best solution'","WORTH ONE PHONE CALL - the published stance is unusually open","B2 s3.6, B7 s3.6 - SEARCH-VERIFIED (Impressum via search index)","'A few thousand pieces' would place them between Taste Your Brand and Fullkopf. Nitro capability is a bonus for a later nitro protein coffee SKU."
"S. Spitz GmbH","Austria","Attnang-Puchheim - Gmundner Strasse 27, 4800 (also Bad Gastein, Tenneck)",~450 (ESTIMATE),"www.spitz.at (/en/private-label-and-contract-filling/beverages/)","UNKNOWN - QUOTE REQUIRED","UNKNOWN - QUOTE REQUIRED","YES - contract filling in cans, PET or glass. 330 ml specifically UNKNOWN","YES (energy/soft drinks)","UNKNOWN - QUOTE REQUIRED. Spitz is a food AND beverage producer (jams, syrups, bakery) so dairy handling is plausible but UNEVIDENCED","UNKNOWN - QUOTE REQUIRED","UNKNOWN - QUOTE REQUIRED","UNKNOWN - QUOTE REQUIRED","UNKNOWN - QUOTE REQUIRED","Accompanies clients 'from market analysis to product development to launch'","UNKNOWN - QUOTE REQUIRED","UNKNOWN - QUOTE REQUIRED","NOT STATED - full-service private-label posture suggests mid/large customers","LOW PRIORITY - NO PUBLISHED MINIMUM","B2 s2.3, B7 s3.6 - SEARCH-VERIFIED","165+ years; among Austria's largest food producers; private-label energy drinks, iced tea, functional drinks; 100% of value creation in Austria."
"Egger Getranke GmbH & Co OG (house brand: Radlberger)","Austria","St. Polten-Unterradlberg, Lower Austria",~310 - SECOND-CLOSEST NON-HUNGARIAN CAN FILLER (ESTIMATE),"https://eggergetraenke.at (EN: /en/)","UNKNOWN - QUOTE REQUIRED - site invites enquiries ('Just write to us')","UNKNOWN - QUOTE REQUIRED","YES - filling on eight production lines: cans, PET, one-way glass, returnable glass. 330 ml specifically UNKNOWN","YES","UNKNOWN - QUOTE REQUIRED - no dairy category listed; a brewery-heritage site is unlikely to be dairy-approved","UNKNOWN - QUOTE REQUIRED","UNKNOWN - QUOTE REQUIRED","UNKNOWN - QUOTE REQUIRED","UNKNOWN - QUOTE REQUIRED","UNKNOWN - QUOTE REQUIRED","UNKNOWN - QUOTE REQUIRED","UNKNOWN - QUOTE REQUIRED","UNKNOWN - contract filling and private label stated, no minimum published","WORTH ONE CALL PURELY ON GEOGRAPHY - the cheapest freight of any credible can filler outside Hungary","B2 s2.4 - SEARCH-VERIFIED","~355 million bottles and cans/year at Unterradlberg. Categories: beer, beer-mix, soft drinks, juices, malt drinks, soda water, near-water, iced teas, tea drinks, energy drinks, isotonic drinks, syrups, alcoholic mixes, wine. RADLBERGER IS AN EGGER HOUSE BRAND, NOT A SEPARATE CO-PACKER - do not contact it separately."
"German Beverage Group Ltd.","Germany","Augsburg - Alemannenstr. 6, 86199, Bavaria",~750 (ESTIMATE),"www.beverage-filling.com/produktion / www.german-beverage.com/about/","info@german-beverage.com - RE-VERIFY","+49 1520 2890336 - RE-VERIFY","YES - Standard, Sleek and Slim, 150-500 ml","YES - energy drinks, soft drinks, cider","UNKNOWN - QUOTE REQUIRED. Functional beverages listed","UNKNOWN - QUOTE REQUIRED","UNKNOWN - QUOTE REQUIRED","UNKNOWN - QUOTE REQUIRED","UNKNOWN - QUOTE REQUIRED","UNKNOWN - QUOTE REQUIRED","UNKNOWN - QUOTE REQUIRED","UNKNOWN - QUOTE REQUIRED","UNKNOWN","LOW PRIORITY - LIKELY A BROKER","B2 s3.5, B7 s3.6 - PUBLISHED (europages / wlw.com directory listing)","*** STRUCTURE CAUTION (ESTIMATE / inference): trades as a 'Ltd.' with a MOBILE number as the published contact and NO PLANT NAMED - likely a broker/agent arranging filling at third-party plants rather than an asset-owning filler. VERIFY WHO ACTUALLY HOLDS THE IFS CERTIFICATE AND THE FILLING LINE BEFORE PAYING A DEPOSIT. *** Contact person Matthias Ferth."
"RHODIUS Mineralquellen und Getranke GmbH & Co. KG","Germany","Burgbrohl, Rhineland-Palatinate",~1120 (ESTIMATE),"www.rhodius-copacking.com (/en/faq.html, /de/lohnabfuellung/dose.html)","UNKNOWN - QUOTE REQUIRED","UNKNOWN - QUOTE REQUIRED","YES - 150-500 ml in Slim, Sleek and Classic; Sleek offered in 250, 330 and 355 ml; 330 ml Sleek has a 58 mm diameter. Also aluminium bottles","YES - water, soft drinks, beer, energy drinks, iced tea, wine and sparkling wine, RTDs","UNKNOWN - QUOTE REQUIRED - protein is NOT among the listed beverage types","*** 250000 CANS PER FILLING. *** Verbatim from their own FAQ: 'Grundsatzlich konnen wir Auftrage erst ab einer Mindestbestellmenge von 250.000 Dosen pro Abfullung ubernehmen.'","N/A","N/A","N/A","N/A","N/A","UNKNOWN - QUOTE REQUIRED","REPUTATION SAYS YES - THE PUBLISHED NUMBER SAYS NO","*** RULED OUT FOR LAUNCH. DO NOT CONTACT - you will simply be declined. Revisit at Series-A scale ***","B2 s3.7, B7 s3.6 - PUBLISHED ON SITE (FAQ), via search index - the hardest MOQ number in this whole file","THIS CLOSES THE 'RHODIUS IS THE STARTUP-FRIENDLY GERMAN CANNER' QUESTION WITH A PUBLISHED ANSWER. 250000 cans is ~25x Fullkopf and ~250x a BeverageScouts test run. >600 million cans/year; filling lines rated >100000 cans/hour; ~330 employees; one of Germany's largest can contract fillers. They are excellent. They are not for you yet."
"RAUCH Fruchtsafte GmbH & Co OG","Austria","Rankweil, Vorarlberg (second plant Nuziders)",~800 (ESTIMATE),"www.rauch.cc/b2b/commissioned-fillings/","UNKNOWN - QUOTE REQUIRED","UNKNOWN - QUOTE REQUIRED","YES - cans, glass, PET and soft packaging","YES - explicitly 'sparkling' and non-sparkling","UNKNOWN - QUOTE REQUIRED","UNKNOWN - QUOTE REQUIRED","N/A","N/A","N/A","N/A","N/A","UNKNOWN - QUOTE REQUIRED","NO SIGNAL","RULED OUT AT THIS STAGE - recorded for completeness","B2 s2.5 - SEARCH-VERIFIED; Red Bull relationship LIKELY (trend.at, Wikipedia, ORF Vorarlberg)","RAUCH IS RED BULL'S LARGEST CONTRACT CAN FILLER. Their line economics are built around eight-figure annual volumes."
"Hermann Pfanner Getranke GmbH","Austria","Lauterach, Vorarlberg (runs a Hungarian-language B2B contract-bottling page)",~810 (ESTIMATE),"www.pfanner.com/de/b2b/lohnabfuellung/ AND pfanner.com/hu/b2b/berpalackozas/","UNKNOWN - QUOTE REQUIRED","UNKNOWN - QUOTE REQUIRED","IMPLIED by 'all common packaging formats' - CANS NOT EXPLICITLY CONFIRMED","LIKELY (energy drinks)","UNKNOWN - QUOTE REQUIRED","UNKNOWN - QUOTE REQUIRED","UNKNOWN - QUOTE REQUIRED","UNKNOWN - QUOTE REQUIRED","UNKNOWN - QUOTE REQUIRED","UNKNOWN - QUOTE REQUIRED","UNKNOWN - QUOTE REQUIRED","UNKNOWN - QUOTE REQUIRED","UNKNOWN","LOW PRIORITY - but the HUNGARIAN-LANGUAGE B2B PAGE is an easy first contact","B1 s4.6, B2 s2.6 - verified link only; page EGRESS-BLOCKED","Co-packing/contract filling of fruit juices, fruit-juice drinks, wines, energy drinks, iced teas, specialty drinks, other soft drinks 'in all common packaging formats'. Everything else UNKNOWN."
"Molkerei Gropper GmbH & Co. KG","Germany","Bissingen, Bavaria (+ Stockach)",~780 (ESTIMATE),"https://www.gropper.de/en","UNKNOWN - QUOTE REQUIRED","UNKNOWN - QUOTE REQUIRED","NO EVIDENCE OF ALUMINIUM CAN LINES","NOT EVIDENCED","YES ON DAIRY - makes a High Protein Drink in 332 ml (BOTTLE format per product database)","UNKNOWN - QUOTE REQUIRED - retail-scale minimums expected","UNKNOWN","UNKNOWN","UNKNOWN","UNKNOWN","UNKNOWN - QUOTE REQUIRED","UNKNOWN - QUOTE REQUIRED","NO SIGNAL","SEND ONE EMAIL - A CLEAN 'NO' CLOSES THE DAIRY-HOUSE HYPOTHESIS","B2 s3.9, B7 s3.7 - SEARCH-VERIFIED","One of Germany's leading private-label suppliers; produces for almost all major European retailers; processes ~355 m kg milk/yr from 874 farms; describes itself as producing dairy, direct juices and smoothies OR filling them as a contract packer. EXPECT BOTTLE-ONLY. This company is the clearest illustration of the structural finding: dairy-approved and carbonated-aluminium-can are two different industrial worlds."
"Ehrmann AG","Germany","Oberschonegg, Bavaria","UNKNOWN","https://www.ehrmann.de/produkte/high-protein/","UNKNOWN","UNKNOWN","NO","NO - STILL","YES - High Protein Drink range, 20 g protein, no added sugar, lactose-free, gluten-free, low fat","N/A - BRAND OWNER, NOT AN ADVERTISED CO-PACKER","N/A","N/A","N/A","N/A","N/A","UNKNOWN","N/A","NOT A SUPPLIER - A BENCHMARK PRODUCT. BUY SEVERAL","B2 s3.9, B7 s3.7 - SEARCH-VERIFIED","Their 20 g / no-added-sugar formulation is the closest existing German analogue to the target protein load. Contract-manufacturing offer UNKNOWN."
"Nutriprot","Germany","UNKNOWN","UNKNOWN","nutriprot.de","UNKNOWN - QUOTE REQUIRED","UNKNOWN - QUOTE REQUIRED","NO - POWDER AND CAPSULE ONLY","N/A","POWDER protein contract manufacturing","UNKNOWN - QUOTE REQUIRED","UNKNOWN - QUOTE REQUIRED","UNKNOWN - QUOTE REQUIRED","UNKNOWN - QUOTE REQUIRED","UNKNOWN - QUOTE REQUIRED","UNKNOWN - QUOTE REQUIRED","IFS, HACCP, Bio and GMP certified","UNKNOWN","LEAD - POWDER BRIDGE SKU ONLY","B2 s3.9, B6 s7.4 - SEARCH-VERIFIED","Relevant ONLY if a powder stick-pack bridge SKU is used. Not a canner."
"COGA Lohnabfullung (COGA-Gastromea)","Germany","UNKNOWN","UNKNOWN","lohnabfuellung-lebensmittel.de/lohnabfullung-bei-coga/ ; wlw.at listing","UNKNOWN - QUOTE REQUIRED","UNKNOWN - QUOTE REQUIRED","*** PROBABLY NOT ALUMINIUM BEVERAGE CANS *** - its 'Dosen' listing reads 'Lohnabfullung Dosen (Kunststoff, Pappmembran etc.)' = PLASTIC TINS WITH CARDBOARD-MEMBRANE SEALS, i.e. powders/food","NO","UNKNOWN - QUOTE REQUIRED","FROM 5000 UNITS","UNKNOWN - QUOTE REQUIRED","UNKNOWN - QUOTE REQUIRED","UNKNOWN - QUOTE REQUIRED","UNKNOWN - QUOTE REQUIRED","UNKNOWN - QUOTE REQUIRED","UNKNOWN - QUOTE REQUIRED","YES on the number","TRAP FOR THE CAN SEARCH - GENUINE LEAD FOR THE POWDER ROUTE","B2 s3.8, B6 s7.4 - SEARCH-VERIFIED (wlw.at product listing)","DO NOT CHASE AS A CAN FILLER without confirming the container type. The 5000-unit minimum is genuinely low but it is almost certainly for powder tins, not beverage cans."
"riha WeserGold Getrankegruppe","Germany","Rinteln",~1050 (ESTIMATE),"https://www.riha-wesergold.de/","UNKNOWN - QUOTE REQUIRED","UNKNOWN - QUOTE REQUIRED","YES - PET, glass, cans, carton","YES","UNKNOWN - QUOTE REQUIRED","UNKNOWN - QUOTE REQUIRED","UNKNOWN","UNKNOWN","UNKNOWN","UNKNOWN","UNKNOWN","UNKNOWN","UNKNOWN","LOW PRIORITY - TOO FAR, NO PUBLISHED MINIMUM","B2 s3.8 - SEARCH-VERIFIED","Offers co-packing/Lohnabfullung: juices, iced teas, energy drinks, 'innovative concepts'. One of Germany's largest juice/nectar makers. Acquired the Refresco Waibstadt plant."
"Refresco Deutschland","Germany","multiple",~1000+ (ESTIMATE),"https://www.refresco.de/de/lohnabfuellung-neu-test/","UNKNOWN","UNKNOWN","YES (group-wide)","YES","UNKNOWN","UNKNOWN - enterprise-scale minimums expected","UNKNOWN","UNKNOWN","UNKNOWN","UNKNOWN","UNKNOWN","UNKNOWN","NO","RULED OUT - Europe's largest independent bottler, realistically out of reach","B2 s3.8 - SEARCH-VERIFIED","Recorded for completeness only."
"OeTTINGER Brauerei GmbH","Germany","Oettingen, Bavaria (also Monchengladbach, Braunschweig)","~730 (ESTIMATE, Oettingen)","UNKNOWN","UNKNOWN","UNKNOWN","YES - expanding can capacity at Monchengladbach","YES (beer)","UNLIKELY - beer-led; a dairy-protein soda is a poor fit for a brewery hygiene regime","UNKNOWN - QUOTE REQUIRED","UNKNOWN","UNKNOWN","UNKNOWN","UNKNOWN","UNKNOWN","UNKNOWN","UNKNOWN","LOW PRIORITY","B2 s3.8 - LIKELY (named in trade discussion as an active contract-bottling player)","Recorded for completeness."
"Frankfurter Brauhaus GmbH","Germany","Frankfurt (Oder)",~750 (ESTIMATE),"UNKNOWN","UNKNOWN","UNKNOWN","YES","YES (beer)","UNLIKELY","UNKNOWN - QUOTE REQUIRED","UNKNOWN","UNKNOWN","UNKNOWN","UNKNOWN","UNKNOWN","UNKNOWN","UNKNOWN - discounter private-label beer focus","LOW PRIORITY","B2 s3.8 - LIKELY","Founded 1974 as a bottling operation (Oderland-Brauerei); own brewing from 1988. Named alongside Darguner and Oettinger as a contract-bottling competitor."
"Karlsberg Brauerei","Germany","Homburg (Saar)",~1150 (ESTIMATE),"UNKNOWN","UNKNOWN","UNKNOWN","Cans reportedly filled via a French sister plant (Brasserie Saverne, Alsace)","YES (beer)","UNLIKELY","UNKNOWN - QUOTE REQUIRED","UNKNOWN","UNKNOWN","UNKNOWN","UNKNOWN","UNKNOWN","UNKNOWN","UNKNOWN","LOW PRIORITY - beer-led, far, can filling appears to sit off-site","B2 s3.8 - LIKELY","Recorded for completeness."
"Vulkan-Brauerei","Germany","Mendig (Eifel)",~1100 (ESTIMATE),"vulkan-brauerei.de/brauerei/lohnabfuellung-bier-flasche-fass/","UNKNOWN","UNKNOWN","YES - bottle, keg and can","YES (beer)","NO","UNKNOWN - QUOTE REQUIRED","N/A","N/A","N/A","N/A","N/A","UNKNOWN","N/A","RULED OUT - EXPLICITLY BEER & BEER-MIX DRINKS ONLY","B2 s3.8 - SEARCH-VERIFIED","Recorded so nobody wastes an email."
"OH!S / oh-service.com","Germany","UNKNOWN","UNKNOWN","oh-service.com/lohnabfuellung/","UNKNOWN","UNKNOWN","UNKNOWN - CANS NOT CONFIRMED","UNKNOWN","UNKNOWN","UNKNOWN - QUOTE REQUIRED","UNKNOWN","UNKNOWN","UNKNOWN","UNKNOWN","UNKNOWN","IFS and Bio certified","UNKNOWN","LOW PRIORITY - CAN CAPABILITY UNCONFIRMED","B2 s3.8 - SEARCH-VERIFIED","Lohnabfullung & co-packing since 1995."
"Ammersee Kelterei (lohnabfuellung-bayern.de)","Germany","Bavaria",~700 (ESTIMATE),"www.lohnabfuellung-bayern.de/","UNKNOWN","UNKNOWN","NO - BOTTLES","UNKNOWN","NO","N/A","N/A","N/A","N/A","N/A","N/A","UNKNOWN","N/A","NOT RELEVANT - cidery/juice, bottle-focused","B2 s3.8 - SEARCH-VERIFIED","Recorded so nobody wastes an email."
"Husumer Lohnabfullung (lohnabfuellung.de)","Germany","Husum, northern Germany",~1300 (ESTIMATE),"www.lohnabfuellung.de/faq/","UNKNOWN","UNKNOWN","UNKNOWN - NOT ESTABLISHED AS A CAN FILLER","UNKNOWN","UNKNOWN","UNKNOWN - QUOTE REQUIRED","UNKNOWN","UNKNOWN","UNKNOWN","UNKNOWN","UNKNOWN","UNKNOWN","UNKNOWN","LOW PRIORITY - very far","B2 s3.8 - SEARCH-VERIFIED","Has a public FAQ."
"Schlenkerhof Kelterei","Germany","Ravensburg / Bodensee",~900 (ESTIMATE),"UNKNOWN","UNKNOWN","UNKNOWN","NO - BOTTLES","UNKNOWN","NO","N/A","N/A","N/A","N/A","N/A","N/A","UNKNOWN","N/A","NOT RELEVANT","B2 s3.8 - SEARCH-VERIFIED","Recorded so nobody wastes an email."
"Blankodosen.de","Germany","UNKNOWN","UNKNOWN","https://www.blankodosen.de/","UNKNOWN - QUOTE REQUIRED","UNKNOWN - QUOTE REQUIRED","SUPPLIES BLANK (UNDECORATED) CANS - format range UNKNOWN","N/A","N/A","UNKNOWN - QUOTE REQUIRED - THE KEY NUMBER TO ASK FOR","N/A","UNKNOWN - QUOTE REQUIRED","UNKNOWN","N/A - IS the can supplier","N/A","UNKNOWN","N/A","LEAD - THE BLANK-CAN + SLEEVE WORKAROUND","B2 s4, B6 s8, B7 s5.1 - SEARCH-VERIFIED","NOT A CO-PACKER. Listed because the blank-can + shrink-sleeve route is what makes a 1700-can run possible at all: directly PRINTED cans are orderable only from ~200000 pieces in Germany and 150000 per variety and order in Austria. Only useful if a filler will accept customer-supplied cans - ASK THAT FIRST."
"Olgerdin Egill Skallagrimsson","Iceland","UNKNOWN","UNKNOWN (freight Iceland-Hungary is bad; the ANSWER is what matters)","olgerdin.is (news: /um-okkur/frettir/frett/ny-mist-uppbygging) ; collab.is/english","CONTACT NOT CAPTURED - FIND IT ON THEIR OWN SITE. NOT GUESSED","CONTACT NOT CAPTURED - NOT GUESSED","YES - COLLAB is a 330 ml can, exactly the target format","YES - carbonated","*** THE ONLY EUROPEAN COMPANY IDENTIFIED THAT ALREADY MANUFACTURES A CARBONATED COLLAGEN DRINK IN A CAN. *** Mist Uppbygging: 15 g HYDROLYSED COLLAGEN, carbonated, canned, natural caffeine (green coffee + yerba mate), B-vitamins, forest berry and chai. COLLAB: 330 ml can, 5.9 g marine collagen, 105 mg caffeine, zero sugar, six B vitamins","UNKNOWN - QUOTE REQUIRED - NEVER ASKED","UNKNOWN - QUOTE REQUIRED","UNKNOWN - QUOTE REQUIRED","UNKNOWN","N/A","N/A","UNKNOWN - QUOTE REQUIRED","UNKNOWN","COLD-EMAIL THEM - the only real price/MOQ benchmark that exists for this exact product category in Europe","B7 s2 (via C1) - SEARCH-VERIFIED (kronan.is, olgerdin.is, visir.is, collab.is, nammi.is, icelandicstore.is, topiceland.com)","Iceland's largest beverage producer, founded 1913. COLLAB is a JV of Olgerdin + FEEL Iceland, launched 2019, and ALREADY SELLS INTO GERMANY AND DENMARK (collab.is/region/de, /region/dk) - meaning it has already walked the EU labelling and packaging-compliance path for a carbonated collagen can. Icelandic press headline: 'Kolsyrdur islenskur proteindrykkur slaer i gegn' = 'Carbonated Icelandic protein drink is a hit'. THE ASK: do you contract-manufacture / white-label for third parties, at what MOQ and price?"
"FEEL Iceland","Iceland","UNKNOWN","UNKNOWN","UNKNOWN - find on their own site","CONTACT NOT CAPTURED - NOT GUESSED","CONTACT NOT CAPTURED - NOT GUESSED","N/A - marine collagen supplier / JV partner","N/A","MARINE COLLAGEN SUPPLIER, co-owner of the Collab JV","UNKNOWN - QUOTE REQUIRED","N/A","UNKNOWN - QUOTE REQUIRED","UNKNOWN","YES - potential independent collagen peptide supplier","N/A","UNKNOWN","UNKNOWN","LEAD - ASK BOTH ABOUT WHITE-LABEL AND ABOUT SELLING COLLAGEN AS AN INGREDIENT","B7 s2.1, s7 - SEARCH-VERIFIED","Supplies the marine collagen for Collab. NOTE: the agreed formula ARCH F uses BOVINE collagen, not marine - marine collagen is typically more expensive and carries a FISH ALLERGEN declaration. Ask for bovine pricing or treat as benchmark only."
"POLAND - ENTIRE COUNTRY","Poland","N/A","~390-420 to the Krakow/Malopolska cluster; ~450-470 Silesia; ~545 Warsaw (ESTIMATE, unmeasured)","N/A","N/A","N/A","N/A","N/A","N/A","*** NO MOQ OBTAINED - ZERO ***","N/A","N/A","N/A","N/A","N/A","N/A","N/A","*** UNRESEARCHED - RE-RUN REQUIRED. ZERO VERIFIED SUPPLIERS, ZERO MOQs, ZERO CONTACTS. ***","B4 - EXPLICIT NULL RESULT (WebSearch budget exhausted before the agent ran; all .pl domains egress-blocked)","B4 states verbatim: 'Do not merge any name from Section 4 into a supplier shortlist, a cost model, or an outreach list.' NO POLISH COMPANY NAME IS LISTED IN THIS FILE, BY DESIGN. The structural thesis remains untested but plausible: Poland has the largest soft-drink contract-manufacturing base in CEE, a deep discount-retail private-label culture, major aluminium can production, and lower labour/utility costs under identical EU food law. B4 s3 contains a ready-to-execute Polish query plan. RE-RUN THIS FIRST if any further research budget appears."
"LITHUANIA / LATVIA / ESTONIA","Baltics","N/A","~1000 Vilnius, ~1270 Riga, ~1550 Tallinn (ESTIMATE, unmeasured)","N/A","N/A","N/A","N/A","N/A","N/A","*** NO MOQ OBTAINED - ZERO ***","N/A","N/A","N/A","N/A","N/A","N/A","N/A","*** UNRESEARCHED - RE-RUN REQUIRED, LOW PRIORITY ***","B4 - EXPLICIT NULL RESULT","Structurally weak for this project regardless: 1000-1600 km vs 400-600 km for southern Poland, so part-pallet freight is roughly 2-3x worse against no obvious cost or MOQ advantage. Search only after Poland is exhausted."
"SLOVAKIA / CZECHIA","Slovakia / Czechia","N/A","~200 Bratislava; ~250-350 Trencin/Zilina; ~300 Brno; ~350 Ostrava; ~525 Prague; ~640 Karlovy Vary (ESTIMATE, unmeasured)","N/A","N/A","N/A","N/A","N/A","N/A","*** NO MOQ OBTAINED - ZERO ***","N/A","N/A","N/A","N/A","N/A","N/A","N/A","*** UNRESEARCHED - RE-RUN REQUIRED. HIGH PRIORITY ON DISTANCE ALONE ***","B3 - EXPLICIT NULL RESULT (same block: budget exhausted, kofola.cz / mattoni.cz / gymbeam.sk egress-blocked)","B3 produced ZERO verified supplier records and states plainly: 'no company in this document has been verified to exist in the form described'. NO SLOVAK OR CZECH COMPANY NAME IS LISTED IN THIS FILE, BY DESIGN. Bratislava at ~200 km is closer than Bubee's Kiskoros at ~110 km is far - this is the nearest unexplored market and should be the SECOND re-run after Poland. NOTE the overlap: Opre' Cidery s.r.o. is Slovak, so the Opre' route may already be a Slovak fill."
"ROMANIA / CROATIA / SLOVENIA / SERBIA / BULGARIA / ITALY / SPAIN / BENELUX / UK / IRELAND","SE Europe + Western Europe","N/A","N/A","N/A","N/A","N/A","N/A","N/A","N/A","*** NO MOQ OBTAINED - ZERO ***","N/A","N/A","N/A","N/A","N/A","N/A","N/A","*** UNRESEARCHED - RE-RUN REQUIRED ***","B5 - EXPLICIT NULL RESULT (WebSearch budget exhausted; konings.eu, radnorhills.co.uk, romaquagroup.ro all blocked)","B5 produced ZERO companies verified, zero contacts, zero MOQs, zero prices, and explicitly declined to produce a ranking. Structural note from B5: most named SE-European targets are LARGE NATIONAL BOTTLERS OF THEIR OWN BRANDS whose contract-filling minimums are typically full-truckload or full-shift scale - structurally mismatched with this budget. POST-BREXIT CAVEAT if the UK is ever researched: GB-to-EU food movement carries customs formalities, an EU import agent/EORI requirement, and an EU-established food business operator address on the can. Ireland avoids this."
