company,country,website,email,ingredient,grade_spec,price_per_kg_eur,price_per_kg_huf,moq,ships_to_hungary,protein_percent,certification,status,source_url,notes
"*** READ THIS ROW FIRST - 2026 WHEY MARKET ALERT ***","EU","-","-","Whey proteins (WPC80 / WPI90 / clear WPI / WPH)","All whey grades","WPC80: 20.25 EUR/kg on 8 Apr 2026 rising to 27.50 EUR/kg Jul 2026. WPI90: 25.75 EUR/kg on 8 Apr 2026 rising to 32.50 EUR/kg Jul 2026","WPC80: 7351 HUF/kg (Apr) to 9983 HUF/kg (Jul). WPI90: 9347 HUF/kg (Apr) to 11798 HUF/kg (Jul)","N/A","N/A","N/A","N/A","SEARCH-VERIFIED (DCA Market Intelligence benchmark, quoted in search results; index pages themselves were egress-blocked)","https://www.dcamarketintelligence.com/update/3734/wpc80-prices-have-gone-up-again-reaching-new-record-prices","THE SINGLE MOST IMPORTANT COMMERCIAL FACT IN THIS FILE. WPC80 hit EUR 20250/tonne in April 2026 and EUR 27500/tonne by July 2026 - more than double October 2025 (EUR 12500/t). European producers are reported SOLD OUT, with trade reporting that most have not sold new volumes since the EUR 17000/t level and that WPC80/WPI is essentially unavailable to new buyers seeking volume. The shortage is forecast to run through 2026 and is STRUCTURAL, not a spike: whey is a co-product of cheese, and fractionation capacity takes 2-4 years to add. CONSEQUENCE FOR US: a micro-buyer asking for 25-100 kg has NO ALLOCATION AT ANY PRICE and sits at the back of the queue - expect a small-lot PREMIUM above index, never a discount. This is the primary argument for weighting ARCH F toward collagen (10 g collagen + 10 g WPI, not 20 g whey), and it is why ARCH E (20 g all-clear-whey, 268-334 HUF ingredients) was rejected. Do NOT sign a whey-heavy formula on index prices. Ask every whey supplier the ACCESS question before the price question: will you sell 25 kg to a first-time Hungarian buyer, and what is the lead time?"
"FloraVita (superwebaruhaz.hu store)","Hungary","floravita.superwebaruhaz.hu","UNKNOWN - QUOTE REQUIRED","Hydrolysed bovine collagen peptides","Kollagen PEPTINEX B, 20 kg bag, fully hydrolysed bovine, food grade, high purity","16.16","5866","20 kg bag (1 bag)","YES - Hungarian domestic webshop, price listed in HUF gross","90 (assume; CONFIRM on CoA - specs run 90-97%)","UNKNOWN - QUOTE REQUIRED","PUBLIC LIST PRICE (Hungarian, buyable today) - the benchmark every other collagen quote must beat","https://floravita.superwebaruhaz.hu/kollagen-peptinex-b-20-kg-zsak-teljesen-hidrolizalt-szarvasmarha-nagy-tisztasagu-etkezesi-t1040727","DERIVED: 149000 HUF gross / 1.27 (27% AFA) = 117322.83 HUF net / 20 kg = 5866.14 HUF/kg = EUR 16.16/kg. This sits inside the published EU standard-grade band of EUR 12-20/kg, so two independent sources corroborate. THIS IS THE PILOT-SCALE PRICE USED IN ARCH F COSTING (6.518 HUF per gram of declared protein at 90% spec). ALWAYS BUY ON PROTEIN SPEC, NOT PRICE PER KG: a 97% peptide at EUR 17/kg beats a 90% peptide at EUR 16/kg - 97% spec saves 9.4 HUF/can versus 90%. Domestic seller = no cross-border freight, no import VAT friction, invoice in HUF."
"IndexBox (market research - NOT A SELLER)","EU","indexbox.io","-","Hydrolysed collagen peptides","Standard grade bovine, EU trading range","12.00 - 20.00","4356 - 7260","N/A","N/A","90 typical","N/A","SEARCH-VERIFIED (market index; page egress-blocked, figure seen in search extract)","https://www.indexbox.io/store/european-union-collagen-peptides-powder-market-analysis-forecast-size-trends-and-insights/","Range only, not a quote. Confirms the FloraVita list price is normal, not gouged. CRITICAL ASYMMETRY: collagen is made from bovine hides and bones, NOT milk - it is NOT in the 2026 dairy shortage. Searches found no evidence of a 2026 collagen price spike. This decoupling is the entire commercial basis of ARCH F."
"GELITA AG","Germany","gelita.com","UNKNOWN - QUOTE REQUIRED","Hydrolysed bovine collagen peptides","Standard bovine hydrolysed collagen peptides","12.50","4538","UNKNOWN - QUOTE REQUIRED (expect tonne-scale)","UNKNOWN - QUOTE REQUIRED","90 typical","UNKNOWN - QUOTE REQUIRED","SEARCH-VERIFIED price anchor (IndexBox public anchor for GELITA product); company itself NOT contacted, gelita.com returned 403","https://www.indexbox.io/search/pro-collagen-ingredient-price-evidence-world-2026/","EUR 12.50/kg is the manufacturer-level (tonne-scale) FLOOR used as the SCALE tier in the ARCH F costing = 5.042 HUF per gram of declared protein. You will not get this price at 25 kg. Major German producer, short freight to Hungary. Contact to identify the correct grade code, then buy that grade through a distributor in 20-25 kg."
"Weishardt","France","weishardt.com","UNKNOWN - QUOTE REQUIRED","Marine collagen peptides","Premium marine peptides","22.00","7986","UNKNOWN - QUOTE REQUIRED","UNKNOWN - QUOTE REQUIRED","90 typical","UNKNOWN - QUOTE REQUIRED","SEARCH-VERIFIED price anchor (IndexBox); company NOT contacted","https://www.indexbox.io/search/pro-collagen-ingredient-price-evidence-world-2026/","Marine collagen costs ~1.4-1.8x bovine for a premium claim we do not need in batch 1. DO NOT USE - bovine only. Listed here so you recognise and reject a marine upsell."
"FDCM.eu","Poland","fdcm.eu","UNKNOWN - QUOTE REQUIRED","Hydrolysed bovine collagen peptides; also WPC80, erythritol, pea protein, rice protein","Bovine collagen, 20 kg bags, EU-27 delivery","UNKNOWN - QUOTE REQUIRED","UNKNOWN - QUOTE REQUIRED","20 kg bags (product page states bag format; MOQ itself UNKNOWN)","UNKNOWN - QUOTE REQUIRED (EU-27 delivery advertised)","UNKNOWN - QUOTE REQUIRED","UNKNOWN - QUOTE REQUIRED","SEARCH-VERIFIED product listing, NO PRICE PUBLISHED - QUOTE REQUIRED","https://fdcm.eu/products/bovine-collagen/","Phone recorded in the source dossier: +48 577 124 466. Polish = short freight to Hungary. PRIORITY QUOTE #1 - ask for collagen at 25 / 100 / 500 / 1000 kg DDP Hungary, stating protein % (N x 6.25), MW range, solubility at pH 3.0-3.5 and clarity in a carbonated model system. Beat 5866 HUF/kg or the Hungarian domestic option wins."
"Foodcom S.A.","Poland","foodcom.pl","UNKNOWN - QUOTE REQUIRED","WPC80, erythritol, pea protein 80, hydrolysed wheat gluten; ask also for collagen","15/20/25 kg bags and big bags","UNKNOWN - QUOTE REQUIRED","UNKNOWN - QUOTE REQUIRED","UNKNOWN - QUOTE REQUIRED","UNKNOWN - QUOTE REQUIRED","varies by product","UNKNOWN - QUOTE REQUIRED","SEARCH-VERIFIED product listings, NO PRICES PUBLISHED - QUOTE REQUIRED","https://foodcom.pl/en/products/whey-protein-concentrate-80-wpc-80/","Trader/distributor. Lists WPC80 in 15/20/25 kg and big bags but publishes no price. Polish, short freight. In a sold-out whey market a trader may actually have stock a producer will not sell you - worth one email even though WPC80 itself is REJECTED for our clear product."
"SuperBulk","EU","superbulk.com","UNKNOWN - QUOTE REQUIRED","Bovine collagen peptides","Classic bovine collagen","UNKNOWN - QUOTE REQUIRED","UNKNOWN - QUOTE REQUIRED","10 kg (stated in source dossier as MOQ 10 kg) - NEEDS CONFIRMATION","UNKNOWN - QUOTE REQUIRED","UNKNOWN - QUOTE REQUIRED","UNKNOWN - QUOTE REQUIRED","SEARCH-VERIFIED listing, NO PRICE - QUOTE REQUIRED","https://superbulk.com/products/classic-bovine-collagen","The LOWEST MOQ found anywhere for collagen (10 kg). At 11.1 g collagen powder per can, 1700 cans needs only ~19 kg - so a 10 kg MOQ lets you buy exactly what you need instead of opening a 25 kg sack. Worth a quote even at a higher per-kg price."
"Nutrada","EU","nutrada.com","UNKNOWN - QUOTE REQUIRED","Collagen peptides (wholesale)","UNKNOWN","UNKNOWN - QUOTE REQUIRED","UNKNOWN - QUOTE REQUIRED","UNKNOWN - QUOTE REQUIRED","UNKNOWN - QUOTE REQUIRED","UNKNOWN - QUOTE REQUIRED","UNKNOWN - QUOTE REQUIRED","SEARCH-VERIFIED listing, NO PRICE - QUOTE REQUIRED","https://nutrada.com/products/proteins/collagen-peptide-wholesale","Wholesale collagen listing. Unverified beyond the URL."
"Rousselot (Darling Ingredients)","Netherlands / France","rousselot.com","UNKNOWN - QUOTE REQUIRED","Hydrolysed collagen peptides","Peptan brand collagen peptides","UNKNOWN - QUOTE REQUIRED","UNKNOWN - QUOTE REQUIRED","UNKNOWN - QUOTE REQUIRED (expect tonne-scale)","UNKNOWN - QUOTE REQUIRED","UNKNOWN - QUOTE REQUIRED","UNKNOWN - QUOTE REQUIRED","TARGET TO CONTACT - website never opened, existence not confirmed in this research","https://www.rousselot.com/","Named in the ingredient dossier as a major collagen producer (Peptan). NOT VERIFIED. Producer-scale; use to identify a grade code, then buy through a distributor."
"PB Leiner (Tessenderlo Group)","Belgium","pbleiner.com","UNKNOWN - QUOTE REQUIRED","Gelatine and collagen peptides","UNKNOWN","UNKNOWN - QUOTE REQUIRED","UNKNOWN - QUOTE REQUIRED","UNKNOWN - QUOTE REQUIRED","UNKNOWN - QUOTE REQUIRED","UNKNOWN - QUOTE REQUIRED","UNKNOWN - QUOTE REQUIRED","TARGET TO CONTACT - website never opened","https://www.pbleiner.com/","NOT VERIFIED. BUY PEPTIDES, NEVER GELATINE - see the gelatine warning row below."
"Nitta Gelatin / Junca Gelatines / Italgelatine / Lapi Gelatine / Ewald-Gelatine / Trobas Gelatine / GELNEX","JP-EU / ES / IT / IT / DE / NL / BR","nitta-gelatin.com; juncagelatines.com; italgelatine.com; lapigelatine.com; ewald-gelatine.de; trobas.nl; gelnex.com","UNKNOWN - QUOTE REQUIRED","Gelatine and collagen peptides","UNKNOWN","UNKNOWN - QUOTE REQUIRED","UNKNOWN - QUOTE REQUIRED","UNKNOWN - QUOTE REQUIRED","UNKNOWN - QUOTE REQUIRED","UNKNOWN - QUOTE REQUIRED","UNKNOWN - QUOTE REQUIRED","TARGET LIST TO CONTACT - none of these websites was opened; existence not confirmed","-","Second-tier collagen/gelatine houses named in the ingredient dossier as a contact list, NOT as verified suppliers. Do not treat as findings. Use only if the priority quotes (FloraVita benchmark, FDCM, SuperBulk, GELITA) all fail."
"*** GELATINE WARNING - NOT A SUPPLIER ROW ***","-","-","-","Bovine gelatine","200 Bloom etc.","5.71 (USD 6.61/kg, Germany Q1 2026)","2074","N/A","N/A","88","N/A","SEARCH-VERIFIED market index (ChemAnalyst / IMARC) - PRICE IS REAL, PRODUCT IS UNUSABLE","https://www.chemanalyst.com/Pricing-data/gelatin-1487","GELATINE IS 2.8x CHEAPER THAN COLLAGEN PEPTIDES AND WILL DESTROY THE PRODUCT. 20 g protein needs 22.73 g gelatine in 330 ml = 6.89% w/v. The industry's own Bloom strength test is run at 6.67% w/v cooled to 10 C - i.e. our concentration is ABOVE the standard gelling test concentration, and our can is sold from a gym fridge at 4-8 C, BELOW it. The can would set into a jelly. HYDROLYSED IS MANDATORY AND UNCONDITIONAL. If any supplier or co-packer offers 'gelatine' or 'partially hydrolysed collagen' as a cheaper substitute, refuse. The ~3792 HUF/kg premium for peptides buys the hydrolysis step and is not optional."
"DCA Market Intelligence (price benchmark - NOT A SELLER)","EU","dcamarketintelligence.com","-","WPI 90","Standard WPI90, EU benchmark","32.50 (Jul 2026); 25.75 (8 Apr 2026); 20.50 (Oct 2025)","11798 (Jul 2026); 9347 (Apr 2026); 7442 (Oct 2025)","N/A","N/A","90","N/A","SEARCH-VERIFIED market index (subscription service; index page egress-blocked, figures seen in search extracts)","https://www.dcamarketintelligence.com/update/3734/wpc80-prices-have-gone-up-again-reaching-new-record-prices","DERIVED per-can cost at the Jul 2026 index: 11797.5 HUF/kg / 900 g protein = 13.108 HUF per gram of declared protein. ARCH F uses 10 g whey protein = 11.111 g WPI90 powder = 131.08 HUF/can - by far the largest single line in the 213 HUF/can pilot ingredient cost. RE-CONFIRM THIS BENCHMARK BEFORE ORDERING: it moved ~EUR 7000/tonne in one quarter, so any figure more than 8 weeks old is stale. A 25 kg buyer should budget index +10-25%."
"Arla Foods Ingredients","Denmark","arlafoodsingredients.com","UNKNOWN - QUOTE REQUIRED","Clear / acid-stable WPI","Lacprodan Clear Whey Isolate - high-purity WPI for clear acidified drinks, stays clear in solution, high heat/UHT stability, very low fat and lactose","UNKNOWN - QUOTE REQUIRED (modelling estimate 40.63)","UNKNOWN - QUOTE REQUIRED (modelling estimate 14747)","UNKNOWN - QUOTE REQUIRED","UNKNOWN - QUOTE REQUIRED","90","UNKNOWN - QUOTE REQUIRED","QUOTE REQUIRED - no branded clear-WPI list price is published anywhere; the EUR 40.63/kg figure is an ESTIMATE ONLY","https://www.arlafoodsingredients.com/","ESTIMATE DERIVATION (do not treat as a price): branded application-specific beverage grades typically carry a 15-35% premium over the commodity index; taking the +25% midpoint on the Jul 2026 WPI90 index of EUR 32.50/kg gives EUR 40.63/kg = 14747 HUF/kg = 16.386 HUF per gram of declared protein. THIS SWINGS ARCH F BY UP TO +/- 50 HUF/CAN AND MUST BE REPLACED WITH A REAL QUOTE. Named grade to ask for by name. ALSO ASK THE ACCESS QUESTION FIRST: will you sell 25 kg to a first-time Hungarian buyer in 2026, and what is the lead time?"
"Volac","United Kingdom","volac.com","UNKNOWN - QUOTE REQUIRED","Clear / acid-stable WPI","Volactive Pro2O RTM - WPI range formulated for clear solutions, citrus/melon fruit-flavour compatible","UNKNOWN - QUOTE REQUIRED","UNKNOWN - QUOTE REQUIRED","UNKNOWN - QUOTE REQUIRED","UNKNOWN - QUOTE REQUIRED","90","UNKNOWN - QUOTE REQUIRED","QUOTE REQUIRED - grade name SEARCH-VERIFIED, price never published","https://www.trendhunter.com/trends/volactive-pro2o-rtm","Citrus-flavour compatibility is explicitly claimed for this range, which matches our Lemon-Lime SKU. Ask by grade name. UK freight is worse than DK/DE but a workable grade beats good freight."
"Agropur / Davisco","Canada / USA","agropur.com","UNKNOWN - QUOTE REQUIRED","WPI 90 (clear-capable)","BiPRO - essentially undenatured, fully soluble pH 2.0-9.0","UNKNOWN - QUOTE REQUIRED","UNKNOWN - QUOTE REQUIRED","UNKNOWN - QUOTE REQUIRED","UNKNOWN - QUOTE REQUIRED","90","UNKNOWN - QUOTE REQUIRED","QUOTE REQUIRED - grade name SEARCH-VERIFIED, price never published","https://www.ncbi.nlm.nih.gov/pmc/articles/PMC11884219/","The classic pH 2.0-9.0 solubility claim. IMPORTANT TECHNICAL CAVEAT: standard WPI being SOLUBLE at pH 3.2 is not the same as being CLEAR at pH 3.2 through a heat step - clarity is a specific process/grade attribute. Demand a clarity statement in the carbonated, sorbate-preserved, 12-month pack, not just a solubility spec."
"Glanbia Nutritionals / Carbery Group / FrieslandCampina Ingredients / Lactalis Ingredients / Ingredia / Fonterra / Milk Specialties Global / Leprino Foods / Hilmar Ingredients","IE / IE / NL / FR / FR / NZ-EU / US / US-EU / US","glanbianutritionals.com; carbery.com; frieslandcampinaingredients.com; lactalisingredients.com; ingredia.com; fonterra.com; milkspecialties.com; leprinofoods.com; hilmaringredients.com","UNKNOWN - QUOTE REQUIRED","WPI 90, whey hydrolysate, clear beverage grades","UNKNOWN","UNKNOWN - QUOTE REQUIRED","UNKNOWN - QUOTE REQUIRED","UNKNOWN - QUOTE REQUIRED (producers normally price at tonne scale)","UNKNOWN - QUOTE REQUIRED","90 typical","UNKNOWN - QUOTE REQUIRED","TARGET LIST TO CONTACT - none of these websites was opened; existence not confirmed in this research","-","Whey producer contact list from the ingredient dossier, NOT verified findings. Producers price at tonne scale and in a sold-out 2026 market will likely decline a 25 kg first-time order outright. USE THEM TO IDENTIFY A NAMED CLEAR GRADE CODE, THEN BUY THAT GRADE FROM A DISTRIBUTOR. Hilmar is specifically noted as offering clear-beverage isolate grades."
"DCA Market Intelligence (price benchmark - NOT A SELLER)","EU","dcamarketintelligence.com","-","WPC 80","Standard WPC80, EU benchmark","27.50 (Jul 2026); 26.45 (late May 2026); 20.25 (8 Apr 2026); 12.50 (Oct 2025). Instant grade spot up to 29.00","9983 (Jul); 9601 (late May); 7351 (8 Apr); 4538 (Oct 2025). Instant spot 10527","N/A","N/A","80","N/A","SEARCH-VERIFIED market index","https://www.dcamarketintelligence.com/update/3563/protein-trend-pushes-whey-powder-prices-to-record-levels","WPC80 IS REJECTED FOR THIS PRODUCT ON TECHNICAL GROUNDS, NOT PRICE: it carries 4-8% fat plus residual phospholipids and 4-8% lactose, which in an acidified drink gives a PERMANENT MILKY HAZE and a fat ring, and it is not heat-stable enough for a low-pH pasteurised fill. WPC80 is a milkshake ingredient. Its price series is here only because it is the clearest public evidence of the 2026 dairy shortage: EUR 12500/t (Oct 2025) to EUR 20250/t (8 Apr 2026) to EUR 27500/t (Jul 2026)."
"IndexBox (market research - NOT A SELLER)","Europe","indexbox.io","-","Whey protein hydrolysate (WPH)","Whey-dominant hydrolysates, DH > 20%","25.00 - 45.00 (midpoint 35.00)","9075 - 16335 (midpoint 12705)","N/A","N/A","80-85 (82 used in costing)","N/A","SEARCH-VERIFIED market index","https://www.indexbox.io/store/europe-milk-protein-hydrolysate-market-analysis-forecast-size-trends-and-insights/","REJECT. DERIVED: 12705 HUF/kg / 820 g protein = 15.494 HUF per gram of declared protein; 20 g protein = 24.39 g powder = 309.9 HUF/can. That is MORE expensive than WPI90 (13.108 HUF/g) and hydrolysed whey is notoriously BITTER, with bitterness scaling with degree of hydrolysis - and in a zero-sugar clear acidic soda you have almost no masking capacity. It buys a marginally faster absorption curve no gym consumer can perceive. There is no scenario in this project where WPH is the right answer. Listed so you can refuse it when a supplier offers it as a 'premium upgrade'."
"nbinno (price analysis - NOT A SELLER)","CN / global","nbinno.com","-","L-leucine","Food grade, USP/EP/FCC grades analysed","6.92 - 17.29 (corridor USD 8-20/kg; 15.56 used in costing at USD 18/kg)","2511 - 6276 (5649 used in costing)","UNKNOWN - QUOTE REQUIRED","UNKNOWN - QUOTE REQUIRED","~100 by weight, but see note","UNKNOWN - QUOTE REQUIRED","SEARCH-VERIFIED corridor (bulk price comparison article), NOT a quote. Add 15-30% for landed cost","https://www.nbinno.com/knowledge/730-bulk-l-leucine-price-comparison-usp-ep-fcc-grades","THE HIGHEST-ROI 10 HUF IN THE WHOLE FORMULA. ARCH F uses 1.7 g free L-leucine = 1.7 x 5.6488 = 9.60 HUF/can (EUR 0.026). It lifts total leucine from 1.30 g to 3.00 g, i.e. over the ~2.5-3.0 g leucine threshold for maximally stimulating muscle protein synthesis - the one number an informed Hungarian lifter checks and respects, and the thing that converts the collagen fraction from a liability into a non-issue. SOLUBILITY CHECK: 1.7 g / 0.330 L = 5.15 g/L against a solubility of 22-24 g/L at 25 C - safe. CAP FREE LEUCINE AT ~2.5 g/can. TASTE: free leucine is distinctly bitter; at 1.7 g in a citrus-acid matrix this should be manageable but MUST be bench-tested. NITROGEN NOTE: L-leucine declares as only 66.7% of its own weight as protein under N x 6.25 (MW 131.17, one N atom), so 1.7 g adds ~1.13 g of declared protein, not 1.7 g. Note also small-pack laboratory leucine runs up to USD 45/kg - buy food-grade bulk, not lab packs. Beware: adding free amino acids to INFLATE the protein number is 'amino spiking' and is a reputational landmine. Use them to FIX the amino acid profile only."
"Alibaba factory price guide / IndexBox (price corridor - NOT A SELLER)","global","-","-","L-tryptophan","Food grade, bulk","10.37 - 15.56 (corridor USD 12-18/kg; 12.97 used in costing at USD 15/kg). Small quantity USD 12-25/kg","3766 - 5649 (4707 used in costing)","UNKNOWN - QUOTE REQUIRED","UNKNOWN - QUOTE REQUIRED","~100 by weight, but see note","UNKNOWN - QUOTE REQUIRED","SEARCH-VERIFIED corridor, NOT a quote","https://www.indexbox.io/search/food-amino-acids-price-evidence-world-2026/","150 mg costs 0.71 HUF/can (EUR 0.002) - financially invisible. Collagen contains ZERO tryptophan; whey is exceptionally tryptophan-rich. In a 10 g whey + 10 g collagen blend the whey alone contributes ~135 mg against an FAO reference need of ~150 mg for 20 g protein, so the true DEFICIT IS ONLY ~15 mg. NOTE THE CONFLICT WITH THE AGREED FORMULA: the plan specifies 150 mg of ADDED L-tryptophan, while the source dossier's ARCH F adds only 25 mg (15 mg deficit plus analytical margin) for a total of ~160 mg. The cost difference is 0.59 HUF/can - immaterial - but the DECLARED SPEC must match what is actually dosed. Settle this with the formulator before the label is written. SOLUBILITY: 0.15 g / 0.330 L = 0.45 g/L against ~11 g/L solubility - trivially soluble. Sensorially silent at this dose. Declares as 85.7% of its weight as protein (MW 204.23, two N atoms)."
"elchemy (sourcing guide - NOT A SELLER)","EU / US","elchemy.com","-","Erythritol (E 968)","Food grade","3.46 - 5.19 (corridor USD 4-6/kg; organic grades USD 6-9/kg). 4.32 used in costing at USD 5/kg","1255 - 1883 (1569 used in costing)","UNKNOWN - QUOTE REQUIRED","UNKNOWN - QUOTE REQUIRED","N/A","UNKNOWN - QUOTE REQUIRED","SEARCH-VERIFIED corridor (LIKELY - sourcing guide, not an index). Foodcom and FDCM both list erythritol but publish NO PRICE","https://elchemy.com/blogs/chemical-market/where-to-buy-erythritol-supplier-manufacturer-price-uses-guide","DO NOT USE ERYTHRITOL. Two independent reasons and they point the same way. (1) LEGAL: erythritol is authorised in flavoured drinks (FoodEx category 14.1.4, Annex II to Regulation (EC) No 1333/2008) at a maximum of 1.6% AND AS A FLAVOUR ENHANCER, NOT AS A SWEETENER, per Commission Regulation (EU) 2015/1832. 1.6% = 5.28 g/can maximum. At ~70% the sweetness of sucrose that is 3.70 g sucrose-equivalent, against the ~28-35 g sucrose-equivalent a 330 ml soda needs - roughly 11-13% of the required sweetness. It CANNOT be the sweetener. (2) COST: 5.28 g/can x 1.5691 HUF/g = 8.28 HUF/can, which is 43x the cost of the sucralose+Ace-K system that does the entire job for 0.19 HUF/can. CONFLICT FLAG: an earlier ingredient dossier models 8 g of erythritol per can. That dose is ABOVE THE LEGAL MAXIMUM and must not be used. The legal cap governs."
"Tridge / chemtradeasia (price index - NOT A SELLER)","Europe","dir.tridge.com","-","Sucralose (E 955)","Food grade","19.55 (USD 22.61/kg, Europe Q1 2026). Global average USD 16.94/kg; NE Asia USD 13.47/kg","7097","UNKNOWN - QUOTE REQUIRED","UNKNOWN - QUOTE REQUIRED","N/A","UNKNOWN - QUOTE REQUIRED","SEARCH-VERIFIED market index","https://dir.tridge.com/prices/sucralose","At 60 mg/L = 0.0198 g/can the cost is 0.14 HUF/can. FINANCIALLY IRRELEVANT - do not spend a single hour negotiating sucralose. Note the large regional spread (Europe is ~68% above NE Asia), so a distributor's quote may look shocking either way; it changes the can cost by fractions of a forint. Named producer in the target list: Tate & Lyle (SPLENDA)."
"ChemAnalyst / IMARC (price index - NOT A SELLER)","Germany","chemanalyst.com","-","Acesulfame K (E 950)","Food grade","4.25 (USD 4.911/kg, Germany Q1 2026). France USD 4.982/kg; global corridor USD 4.80-5.35/kg","1541","UNKNOWN - QUOTE REQUIRED","UNKNOWN - QUOTE REQUIRED","N/A","UNKNOWN - QUOTE REQUIRED","SEARCH-VERIFIED market index","https://www.chemanalyst.com/Pricing-data/acesulfame-potassium-1348","At 100 mg/L = 0.033 g/can the cost is 0.05 HUF/can. RECOMMENDED SWEETENER SYSTEM: sucralose 60 mg/L + Ace-K 100 mg/L = 0.19 HUF/can total, which is 3% of the non-protein deck. Ace-K is also the standard bitterness-masking partner for sucralose."
"easybuyingredients (supplier volume pricing - NOT A PRIMARY INDEX)","global","easybuyingredients.com","-","Steviol glycosides (E 960)","Reb A 97","31.99 - 43.23 (USD 37-50/kg; 10 t tier USD 37/kg). 38.90 used in costing at USD 45/kg","11612 - 15691 (14122 used in costing)","UNKNOWN - QUOTE REQUIRED","UNKNOWN - QUOTE REQUIRED","N/A","UNKNOWN - QUOTE REQUIRED","SEARCH-VERIFIED corridor (LIKELY - supplier pricing article, not a primary index)","https://easybuyingredients.com/blog/stevia-extracts-a-comprehensive-study/","THE CHEAPEST BRAND DECISION IN THE WHOLE PROJECT. At 200 mg/L Reb A97 + 100 mg/L Ace-K the sweetener system costs 0.98 HUF/can versus 0.19 HUF/can for sucralose + Ace-K. THE DELTA IS 0.79 HUF PER CAN - about one tenth of one percent of a 799 HUF RRP. If 'no artificial sweeteners' is worth anything at all to gym positioning in Hungary, it is effectively free. TAKE IT, or at least price both and decide on taste, not on cost. Reb M is a separate, far more expensive grade - do not let a supplier substitute it without repricing. Named target suppliers: Cargill (EverSweet/Reb M), PureCircle/Ingredion, Layn, Sweet Green Fields, Tate & Lyle."
"ChemAnalyst / IMARC (price index - NOT A SELLER)","Europe","chemanalyst.com","-","Citric acid (anhydrous)","Food grade","1.375 (USD 1.59/kg, Europe Jul 2026; USD 1.61/kg Mar 2026)","499","UNKNOWN - QUOTE REQUIRED","UNKNOWN - QUOTE REQUIRED","N/A","UNKNOWN - QUOTE REQUIRED","SEARCH-VERIFIED market index","https://www.chemanalyst.com/Pricing-data/citric-acid-1438","At 1.50 g/L = 0.495 g/can the cost is 0.25 HUF/can. The primary acidulant for the Lemon-Lime SKU and the main lever on the target pH 3.2. Named target suppliers: Jungbunzlauer (Austrian production, closest major acid source to Hungary - strong first call), Gadot Biochemical, Weifang Ensign, COFCO, plus any Hungarian food-ingredient wholesaler."
"ChemAnalyst (price index - NOT A SELLER)","Europe","chemanalyst.com","-","Malic acid","Food grade","2.20 - 2.265 (USD 2.55-2.62/kg; Netherlands Mar 2026 USD 1642/t)","800 - 822","UNKNOWN - QUOTE REQUIRED","UNKNOWN - QUOTE REQUIRED","N/A","UNKNOWN - QUOTE REQUIRED","SEARCH-VERIFIED market index","https://www.chemanalyst.com/Pricing-data/malic-acid-1281","At 0.80 g/L = 0.264 g/can the cost is 0.21 HUF/can. Used alongside citric acid to round the sourness and lengthen the citrus profile - standard in zero-sugar citrus sodas. Optional; drop it if the flavour house says the compound already carries the acid."
"NOT SOURCED - ingredient dossier ESTIMATE ONLY","-","-","-","Phosphoric acid 85%","Food grade","1.50 - 2.50 (ESTIMATE, unverified prior knowledge - NOT a quote and NOT an index)","545 - 908 (ESTIMATE)","UNKNOWN - QUOTE REQUIRED","UNKNOWN - QUOTE REQUIRED","N/A","UNKNOWN - QUOTE REQUIRED","ESTIMATE (UNVERIFIED) - no market index or list price was obtained for phosphoric acid anywhere in this research","-","NOT USED IN BATCH 1. Phosphoric acid gives a COLA-type acid profile and is wrong for Lemon-Lime. Listed only because the assignment asked for it and so you recognise it as off-spec if a formulator proposes it. The price band above is an unverified prior-knowledge estimate with no source - do not put it in any budget."
"ChemAnalyst / expertmarketresearch (price index - NOT A SELLER)","Germany","chemanalyst.com","-","Potassium sorbate (E 202)","Food grade","4.37 (USD 5.05/kg, Germany Q1 2026; Q2 USD 5.36/kg; H2-2026 global forecast USD 3.78-4.14/kg)","1585","UNKNOWN - QUOTE REQUIRED","UNKNOWN - QUOTE REQUIRED","N/A","UNKNOWN - QUOTE REQUIRED","SEARCH-VERIFIED market index","https://www.chemanalyst.com/Pricing-data/potassium-sorbate-1342","At 0.20 g/L = 0.066 g/can the cost is 0.11 HUF/can. Only effective at low pH, which suits pH 3.2. OPEN QUESTION WORTH REAL MONEY: IS A PRESERVATIVE NEEDED AT ALL IF THE CO-PACKER TUNNEL-PASTEURISES? Removing sorbate simplifies the label AND deletes a sack minimum. Ask Opre Label and Bubee this explicitly."
"Flavour cost benchmarking (corridor - NOT A SELLER)","global","-","-","Natural flavours (beverage, liquid, water-soluble)","Citrus / lemon-lime, for a clear zero-sugar acidic protein drink","8.65 - 51.87 (USD 10-60/kg; 30.26 used in costing at USD 35/kg midpoint)","3138 - 18829 (10984 used in costing)","UNKNOWN - QUOTE REQUIRED (flavour houses often set 5-10 kg minimums)","UNKNOWN - QUOTE REQUIRED","N/A","UNKNOWN - QUOTE REQUIRED","SEARCH-VERIFIED corridor (LIKELY - benchmarking article). THE WIDEST UNCERTAINTY BAND IN THE NON-PROTEIN DECK","https://www.cuiguai.cn/benchmarking-flavor-costs-how-your-spending-compares-to-industry-standards/","FLAVOUR IS 88% OF THE NON-PROTEIN INGREDIENT COST (5.44 of 6.19 HUF/can at 0.15% dosage). Beverage flavours dose at 0.01-0.2% (water-soluble essences 0.07-0.15%); 0.15% is modelled as a realistic mid-case for a zero-sugar drink needing strong impact. If collagen's faint savoury/broth note at ~6.7% w/v needs covering, dosage may rise to 0.2% = ~7.25 HUF/can. NEGOTIATE FLAVOUR HARD AND DO NOT NEGOTIATE SUCRALOSE. TARGET FLAVOUR HOUSES, in priority order: Aromax Zrt (aromax.hu, HUNGARIAN - domestic removes freight and VAT friction entirely), Austria Juice (austriajuice.com, Austrian, adjacent to western Hungary), Doehler (doehler.com, reported to have a Hungarian office - VERIFY), then Kanegrade, Symrise, Givaudan, dsm-firmenich, IFF/Frutarom, Kerry, Sensient, Takasago. ALL UNVERIFIED - none of these sites was opened. THE HIGHEST-VALUE QUESTION TO PUT TO A FLAVOUR HOUSE: can you supply a COMPLETE BEVERAGE COMPOUND (flavour + acids + sweeteners + buffers) as a single ingredient? That collapses six or seven sack minimums into one purchase and removes formulation risk at pH 3.2."
"NOT SOURCED - QUOTE REQUIRED","-","-","-","Caffeine anhydrous","Food grade","UNKNOWN - QUOTE REQUIRED (an earlier dossier's unverified estimate of 12-30 EUR/kg has no source and should not be budgeted)","UNKNOWN - QUOTE REQUIRED","UNKNOWN - QUOTE REQUIRED","UNKNOWN - QUOTE REQUIRED","N/A","UNKNOWN - QUOTE REQUIRED","UNKNOWN - QUOTE REQUIRED. No published EU B2B per-kg price was reachable in this research","-","NOT IN BATCH 1 - THERE IS NO CAFFEINE SKU IN BATCH 1 (it avoids NETA exposure, the caffeine warning, a second GTIN and under-18 issues). For a possible batch 2 only. At 70-100 mg/can the dose is 0.07-0.10 g, so on any plausible bulk price the per-can cost is well under 2 HUF and immaterial against the protein. Caffeine does not change any costing conclusion. LABELLING TRAP FOR BATCH 2: drinks above 150 mg/L caffeine must carry 'Magas koffeintartalom. Gyermekek, valamint terhes vagy szoptato nok szamara nem ajanlott' with the mg/100 ml figure - and 100 mg in 330 ml = 303 mg/L, so the warning would be MANDATORY."
"Jungbunzlauer","Switzerland / Austria","jungbunzlauer.com","UNKNOWN - QUOTE REQUIRED","Citric acid, trisodium/potassium citrate, lactic acid, erythritol","Food grade","UNKNOWN - QUOTE REQUIRED","UNKNOWN - QUOTE REQUIRED","UNKNOWN - QUOTE REQUIRED","UNKNOWN - QUOTE REQUIRED","N/A","UNKNOWN - QUOTE REQUIRED","TARGET TO CONTACT - website never opened, existence not confirmed in this research","https://www.jungbunzlauer.com/","Austrian production makes this the closest major acid and citrate source to Hungary. NOT VERIFIED. Expect a pallet or drum minimum and possible refusal of a first-time 25 kg buyer - ask them to name a sub-distributor who will invoice small quantities to a new Hungarian company."
"Brenntag / Azelis / Barentz / IMCD / Caldic / Univar Solutions / Prinova Europe","DE / BE / NL / NL / NL / US-EU / UK-EU","brenntag.com; azelis.com; barentz.com; imcdgroup.com; caldic.com; univarsolutions.com; prinovagroup.com","UNKNOWN - QUOTE REQUIRED","Distributors: acids, sorbate, benzoate, citrates, sweeteners, proteins","Various","UNKNOWN - QUOTE REQUIRED","UNKNOWN - QUOTE REQUIRED","UNKNOWN - QUOTE REQUIRED (large distributors frequently apply full-pallet or full-drum minimums)","UNKNOWN - QUOTE REQUIRED (several claim CEE coverage)","N/A","UNKNOWN - QUOTE REQUIRED","TARGET LIST TO CONTACT - no website was opened; brenntag.com returned 403 during research","-","Distributors break bulk and hold EU stock, which is the right first call for 20-25 kg. BUT: the large ones frequently decline a first-time customer buying a single sack and will route you to a sub-distributor. ASK FOR THE SUB-DISTRIBUTOR NAME - that referral is the actual value of contacting them."
"*** THE BIGGEST GAP IN THIS FILE ***","Hungary","-","-","Hungarian / regional small-quantity B2B resellers","5-25 kg sacks invoiced to a brand-new Hungarian company","UNKNOWN","UNKNOWN","UNKNOWN","N/A","N/A","N/A","NOT RESEARCHED - EVERY SEARCH WAS BLOCKED. This is the highest-priority unfilled gap in ingredient sourcing","-","For a first batch of ~1700 cans, a Hungarian or Polish/Czech reseller who will invoice a 20 kg sack to a brand-new company matters MORE THAN ANY GLOBAL PRODUCER. Only ONE has been found: FloraVita (row 2), and only as a webshop listing. Names to check for existence and B2B capability, ALL UNVERIFIED, DO NOT ASSUME ANY OF THEM EXIST: Nutrimarket (nutrimarket.hu), Solvent Kft, 'Bakony Aroma', Fooder, Aromax Zrt. Hungarian search strings to run: 'elelmiszeripari alapanyag nagyker', 'adalekanyag forgalmazo Magyarorszag', 'aroma beszallito ital gyartas', 'feherje alapanyag nagykereskedes', 'kollagen peptid nagyker Magyarorszag', 'citromsav elelmiszeripari nagyker', 'edesitoszer forgalmazo elelmiszeripar', 'italipari alapanyag beszallito'."
"*** STRATEGIC NOTE - THE ROUTE THAT AVOIDS ALL OF THE ABOVE ***","-","-","-","Complete beverage compound / premix, and co-packer-sourced protein","One premix containing flavour, acids, sweeteners and buffers","UNKNOWN - QUOTE REQUIRED","UNKNOWN - QUOTE REQUIRED","UNKNOWN - QUOTE REQUIRED","N/A","N/A","N/A","DERIVED CONCLUSION - robust to price error because it is driven by MINIMUM PACK SIZES, not unit prices","-","SELF-SOURCING TWELVE INGREDIENTS IS NOT FEASIBLE ON THIS BUDGET. Ingredients sell in 20-25 kg sacks; you cannot buy 19 kg of collagen and 19 kg of WPI and 5 kg of flavour without opening six or seven sack minimums, and the cash outlay is set by HOW MANY SACKS YOU MUST OPEN, not by how many cans you make. THE TWO MOVES THAT COLLAPSE THAT PROBLEM: (1) BUY A FINISHED BEVERAGE COMPOUND rather than twelve separate ingredients - one purchase from Aromax, Austria Juice, Doehler or the co-packer's own R&D replaces six or seven sack minimums AND transfers the genuine technical risk of stabilising protein at pH 3.2 to someone who has done it before. (2) HAVE THE CO-PACKER SOURCE THE PROTEIN - co-packers buy at tonne pricing, bill it into the run, and you avoid both the sack trap and the small-quantity uplift, and you tie up no capital in inventory you may never use. PUT THIS QUESTION IN THE FIRST EMAIL TO OPRE LABEL AND BUBEE: 'Can you source the protein and supply a complete beverage compound for this specification, and bill both into the run?' Only negotiate direct ingredient supply at the second or third production run."
