Nr;Sehenswuerdigkeit;Dateiname;Fotograf;Lizenz;Quelle;URL;Anmerkung
1;Blaue Lagune (Bláa lónið);blaue-lagune-v2.jpg;F D (fnkdnny);Unsplash License;Unsplash;https://unsplash.com/photos/vCqclUnCg_8;
2;Arnarstapi;arnarstapi-v2.jpg;Josephine Lin;Unsplash License;Unsplash;https://unsplash.com/photos/1W0hBqUbE7s;
3;Deildartunguhver;deildartunguhver-v2.jpg;Rino Adamo;Pexels License;Pexels;https://www.pexels.com/photo/icelandic-geothermal-landscape-with-steam-vents-34589606/;
4;Hraunfossar;hraunfossar-v2.jpg;Tetiana Syrova;Unsplash License;Unsplash;https://unsplash.com/photos/n1nDUvnffMc;
5;Djúpavík;djupavik-v2.jpg;Maksim Smirnov;Pexels License;Pexels;https://www.pexels.com/photo/scenic-aerial-view-of-coastal-village-harbor-32345444/;
6;Hvítserkur;hvitserkur-v2.jpg;Antonio Morillas;Unsplash License;Unsplash;https://unsplash.com/photos/vvMQscp-7E0;minimaler Schneefleck am fernen Berg im Hintergrund
7;Glaumbær;glaumbaer-v2.jpg;Freysteinn G. Jonsson;Unsplash License;Unsplash;https://unsplash.com/photos/CPVc42gqT2Y;
8;Goðafoss;godafoss-v2.jpg;Richard Dorran;Unsplash License;Unsplash;https://unsplash.com/photos/pyIGuqVX6k4;
9;Mývatn;myvatn-v2.jpg;Ulrich Knoll;Unsplash License;Unsplash;https://unsplash.com/photos/1wbbEnfXRqA;
10;Grjótagjá;grjotagja-v2.jpg;Rino Adamo;Pexels License;Pexels;https://www.pexels.com/photo/echoing-beauty-of-a-hidden-cave-pool-34585950/;
11;Dettifoss;dettifoss-v2.jpg;Richard Dorran;Unsplash License;Unsplash;https://unsplash.com/photos/JFW-P9IMgxo;
12;Selfoss (Wasserfall an der Jökulsá);selfoss-wasserfall-v2.jpg;Art Merikotka;Pexels License;Pexels;https://www.pexels.com/photo/close-up-shot-of-a-river-12575208/;Motiv-Zuordnung nicht 100% sicher (generischer Dateiname, Standort Norðurþing passt)
13;Ásbyrgi;asbyrgi-v2.jpg;Fahad AlAni;Pexels License;Pexels;https://www.pexels.com/photo/volcanic-rocks-atop-mountain-with-view-of-cliff-face-17391044/;zeigt Felswand statt der klassischen Canyon-Luftaufnahme
14;Stuðlagil;studlagil-v2.jpg;Justin Wei;Unsplash License;Unsplash;https://unsplash.com/photos/Y-Zm61l7RJY;kleine, entfernte Personen sichtbar
15;Hengifoss;hengifoss-v2.jpg;Misha Martin;Unsplash License;Unsplash;https://unsplash.com/photos/whBqCiFOXVo;
16;Seyðisfjörður;seydisfjordur-v2.jpg;Freysteinn G. Jonsson;Unsplash License;Unsplash;https://unsplash.com/photos/OtB3NJcTd80;minimaler Schneefleck am Berg im Hintergrund
17;Eystrahorn;eystrahorn-v2.jpg;M_art;Pexels License;Pexels;https://www.pexels.com/photo/clouds-over-volcanic-rocky-mountain-ridge-4425503/;Motiv-Zuordnung moderat sicher (generischer Titel, unter Eystrahorn-Suche gefunden)
18;Vestrahorn / Stokksnes;vestrahorn-v2.jpg;Alessio Zappatore;Unsplash License;Unsplash;https://unsplash.com/photos/fPfU7WWMqyk;kleiner Schneefleck auf einem Gipfel
19;Jökulsárlón;jokulsarlon-v2.jpg;Ankit Sood;Unsplash License;Unsplash;https://unsplash.com/photos/_H_0NxohRqU;Eis erwuenscht (Ausnahme-Ort)
20;Diamond Beach;diamond-beach-v2.jpg;Bingqi Huang;Unsplash License;Unsplash;https://unsplash.com/photos/sy3GE6OM0Eg;Eis erwuenscht (Ausnahme-Ort)
21;Vatnajökull;vatnajokull-v2.jpg;Sharad kandoi;Unsplash License;Unsplash;https://unsplash.com/photos/07hsKrleFGw;"Eis erwuenscht (Ausnahme-Ort); kleine Wandergruppe sichtbar"
22;Svartifoss;svartifoss-v2.jpg;Yvon Hoogers;Unsplash License;Unsplash;https://unsplash.com/photos/e0YOht7NgyE;winziger Schneerest am unteren Bildrand
23;Fjaðrárgljúfur;fjadrargljufur-v2.jpg;Matthew DeVries;Pexels License;Pexels;https://www.pexels.com/photo/body-of-water-between-mountains-3082313/;
24;Dyrhólaey;dyrholaey-v2.jpg;Jorge Fernández Salas;Unsplash License;Unsplash;https://unsplash.com/photos/zhfhV0I2q7Q;
25;Reynisfjara / Reynisdrangar;reynisfjara-v2.jpg;Denys Nevozhai;Unsplash License;Unsplash;https://unsplash.com/photos/P1Irb5y18-A;
26;Sólheimajökull;solheimajokull-v2.jpg;Martin Robles;Unsplash License;Unsplash;https://unsplash.com/photos/RRA6pqTb9dI;Eis erwuenscht (Ausnahme-Ort)
27;Skógafoss;skogafoss-v2.jpg;Nuno Antunes;Unsplash License;Unsplash;https://unsplash.com/photos/Jv9OeJFS2IU;
28;Seljalandsfoss;seljalandsfoss-v2.jpg;Pavol Svantner;Unsplash License;Unsplash;https://unsplash.com/photos/ycWERAjwEAQ;Besuchergruppen im Hintergrund sichtbar
29;Gljúfrabúi;gljufrabui-v2.jpg;ArtHouse Studio;Pexels License;Pexels;https://www.pexels.com/photo/a-waterfall-flowing-from-a-rocky-mountain-7741272/;Luftaufnahme von oben statt seitlicher Ansicht
30;Reykjadalur (Hveragerði);reykjadalur-v2.jpg;Olena Shmahalo;Unsplash License;Unsplash;https://unsplash.com/photos/gSIqw8zo0QQ;
31;Þingvellir;thingvellir-v2.jpg;Alex He;Unsplash License;Unsplash;https://unsplash.com/photos/zXxzPIvcYZ4;kleine, entfernte Personen sichtbar
32;Strokkur (Geysir);strokkur-v2.jpg;Piotr Musioł;Unsplash License;Unsplash;https://unsplash.com/photos/WxMTLrXlTjQ;Besuchergruppen im Hintergrund sichtbar
33;Gullfoss;gullfoss-v2.jpg;Martti Salmi;Unsplash License;Unsplash;https://unsplash.com/photos/AXh5eEGa9ko;winziger Schneefleck am fernen Berg
34;Kerið;kerid-v2.jpg;Luca Florio;Unsplash License;Unsplash;https://unsplash.com/photos/L4m5EEUVc1k;
35;Kirkjufell;kirkjufell.jpg;;;;;Quelle noch offen — Bene fragen
36;Sigöldugljúfur;sigoldugljufur.jpg;;;;;"Quelle noch offen; Motiv-Zuordnung unsicher (ein Fall statt der Wasserfallreihe)"
37;Gunnuhver;gunnuhver.jpg;;;;;Quelle noch offen
38;Þjórsárdalur;thjorsardalur.jpg;;;;;"Quelle noch offen; Motiv passt nicht (Küste statt Binnental)"
