brand,product,country,markets,size_ml,protein_g,protein_source,caffeine_mg,calories_kcal,sugar_g,sweeteners,price_local,price_eur,channel,positioning,manufacturer,status,source_url
UPP,UPP (Dual Pwr System),Iceland,Iceland,"UNKNOWN - can, size not confirmed (330 ml assumed, NOT verified)",20,"CLEAR WHEY ISOLATE (Arla Lacprodan BLG-100) + HYDROLYSED COLLAGEN, branded Dual Pwr System - approx 50/50 protein split",0 - caffeine-free,"~80 (DERIVED: 20 g x 4 kcal/g = 80 kcal; every calorie in the can is protein)",0,UNKNOWN,"UNKNOWN - QUOTE REQUIRED. D1 models 350-420 ISK (ESTIMATE, derivation in D1 s3.4). The 200 ISK premise in the original brief is UNSUPPORTED by any evidence",UNKNOWN,"Icelandic grocery nationwide (""i verslanir um allt land"") + World Class gym chain (20 sites / 10 pools) as co-developer and launch channel","*** THE CLOSEST THING ON EARTH TO OUR ARCH F. *** Launched JUNE 2026. Same architecture we chose: half clear whey isolate, half hydrolysed collagen, 20 g, zero sugar, carbonated, caffeine-free, lemon/lime + strawberry. Co-developed with the country's largest gym chain and had guaranteed day-one placement. COPY THE GYM CO-DEVELOPMENT MOVE - it costs a phone call. Note they use Arla BLG-100, a crystallisation-purified single-fraction isolate priced ABOVE WPI90 - we cannot afford it and do not need it","Olgerdin Egill Skallagrimsson hf. (Nasdaq Iceland: OLGERD, founded 1913), with World Class (gyms) and Brandenburg (agency)",SEARCH-VERIFIED (Olgerdin press page + Vidskiptabladid + uppupp.is via search index; page never opened),https://www.olgerdin.is/um-okkur/frettir/frett/upp-ferskasta-leidin-ad-proteini
mist,Mist Uppbygging,Iceland,Iceland,330 (SLEEK can),15,"100% HYDROLYSED COLLAGEN at 5% w/v (16.5 g powder x ~90% = 14.85 g -> declared 15 g, reconciles to the gram). ZERO WHEY","YES - natural, from green coffee bean + yerba mate. mg UNKNOWN",UNKNOWN,0,SUCRALOSE (declared),"1,656 ISK per 6-pack = 276.0 ISK/can (836 ISK/L). = 704.5 HUF/can equivalent, incl. 11% VAT and incl. ~24 ISK deposit",1.94,"Kronan and other Icelandic grocery retail; 4x6 SLEEK trade case via Olgerdin webshop","*** THE PRICE BENCHMARK THAT VALIDATES OUR 799 HUF RRP. *** Cheapest carbonated protein can verified in Iceland. Strip the deposit and the beverage is 643 HUF - almost exactly our 799 minus 50 HUF deposit target band. Full declared ingredient list is nearly identical to ours: carbonated water / hydrolysed collagen / citric acid / potassium sorbate / sucralose / natural flavour / B-vitamins. One of the top-3 protein drinks on the Icelandic market within a month of launch",Olgerdin Egill Skallagrimsson hf.,SEARCH-VERIFIED (PUBLIC LIST PRICE search-extracted from kronan.is; page never opened),https://kronan.is/vara/100262032-mist-6pk-uppbygging-skogarberchai
COLLAB,COLLAB Collagen Energy Drink,Iceland,"Iceland; Denmark; Germany (collab.is serves /region/dk and /region/de)",330,5.9,marine collagen peptides (wild-caught Arctic Ocean fish),105,UNKNOWN,0,"sugar-free / zero carb - sweetener UNKNOWN",UNKNOWN,UNKNOWN,"Icelandic grocery; export via icelandicstore.is, topiceland.com, nammi.is","Launched 2019. NOT a protein drink - an energy drink with a collagen flash. Six B vitamins. IMPORTANT PRECEDENT: a small Icelandic carbonated collagen can has ALREADY walked the EU labelling and packaging-compliance path into Germany and Denmark. Also occupies the caffeine niche we deferred to batch 2, at 105 mg in exactly our format",Olgerdin Egill Skallagrimsson + FEEL Iceland (JV),SEARCH-VERIFIED,https://www.collab.is/english
Bodyfuel,Sparkling Protein Water 330 ml,"imported - origin UNKNOWN",Iceland,330,10,UNKNOWN,UNKNOWN,UNKNOWN,UNKNOWN,UNKNOWN,299 ISK/can = 763 HUF equivalent,2.10,bodyfuel.is (Iceland),"Price point only. 10 g protein at 763 HUF-equivalent - i.e. Icelandic consumers pay MORE per can for HALF the protein of Mist. Supports pricing at 799 HUF for 20 g",UNKNOWN,SEARCH-VERIFIED (PUBLIC LIST PRICE search-extracted),https://bodyfuel.is/products/sparkling-protein-water-330ml
Fizzique,Sparkling Protein Water,USA,USA (+ Supplement King Canada),355 (12 oz),20,whey protein isolate,45,80-90,0,UNKNOWN,UNKNOWN,UNKNOWN,"Amazon; Instacart; Health Spot; Supplement King (CA)","*** THE PRODUCT THAT KILLS THE ""NOBODY HAS DONE THIS"" STORY. *** Shipping since ~2017-18 - EIGHT YEARS. Holds SEVEN US PATENTS on sparkling protein water. Founded by David Jenkins, UK Olympic track medallist. Our spec (20 g, ~80 kcal, zero sugar, clear, carbonated, low caffeine) is a near-exact match to a product that has existed since 2017. US patents do not bind us in Hungary, but the separate granted EUROPEAN patent EP2001312B1 (whey isolate >=90%, pH 2-3.4, carbonated) does need a 30-minute attorney check before batch 2 - it expires ~9 March 2027","Fizzique (co-packer UNKNOWN)",SEARCH-VERIFIED,https://www.amazon.com/fizzique-Sparkling-Protein-Calories-Pomegranate/dp/B0752H5JRR
C4 (Cellucor),C4 Sparkling Protein,USA,USA,"UNKNOWN - can",20,whey protein isolate,0,95,0,UNKNOWN,UNKNOWN,UNKNOWN,"Walmart; Target; 7-Eleven; Walgreens; Kroger; H-E-B; Wawa; Publix; GNC; Vitamin Shoppe; Amazon; DTC","*** LAUNCHED 30 JULY 2026 - SEVENTEEN DAYS BEFORE THIS FILE WAS WRITTEN. *** A top-tier US energy-drink company put our exact spec into ten national retail chains at once. Zero sugar, zero caffeine, zero fat, 5 added vitamins/minerals. This is the clock on the whole project: when Nutrabolt brings this to Europe, our window closes",Nutrabolt,SEARCH-VERIFIED,https://www.bevnet.com/pr/2026/07/30/c4-expands-beyond-energy-drinks-with-the-launch-of-sparkling-protein
Bucked Up,Lightly Carbonated Protein Soda (16 oz),USA,USA,473 (16 oz),25,whey protein isolate,0,100,0,UNKNOWN,UNKNOWN,UNKNOWN,"Walmart; Amazon; Walgreens; DTC","Proof of the formulation ceiling: to get ABOVE 20 g of complete protein they had to go to 473 ml. They did not fit 25 g into 355 ml",Bucked Up (DAS Labs),SEARCH-VERIFIED,https://www.buckedup.com/carbonated-protein-soda
Bucked Up,Lightly Carbonated Protein Drink (12 oz),USA,USA,355 (12 oz),20,whey protein isolate,0,90,0,UNKNOWN,UNKNOWN,UNKNOWN,Walmart,"Line extension launched AUGUST 2026 - this month. Dropped back to exactly 20 g the moment they went to 355 ml. Fifth independent formulator to land on the same number",Bucked Up (DAS Labs),SEARCH-VERIFIED,https://www.stack3d.com/2026/08/bucked-up-smaller-lighter-carbonated-protein-soda/
Protein Pop (Rise Wellness),Protein Pop Plus,USA,USA,355 (12 oz),30,"whey protein isolate + BOVINE COLLAGEN blend",UNKNOWN,UNKNOWN,UNKNOWN,UNKNOWN,UNKNOWN,UNKNOWN,Costco - all 607 US clubs,"*** THE OTHER WAY PAST 20 g: DILUTE THE PROTEIN QUALITY. *** They reach a 30 g headline only by blending whey isolate with bovine collagen - the same trick we use, pushed harder. Validates that whey+collagen blending is mainstream, not a cheat. Now in 607 Costco clubs",Rise Wellness,SEARCH-VERIFIED,https://www.prnewswire.com/news-releases/protein-pop-launches-protein-pop-plus-at-costco-nationwide-302696809.html
Premier Protein,protein soda - name UNKNOWN,USA,USA,UNKNOWN,UNKNOWN,UNKNOWN,UNKNOWN,UNKNOWN,UNKNOWN,UNKNOWN,UNKNOWN,UNKNOWN,UNKNOWN,"A multi-billion-dollar RTD protein incumbent announced as ENTERING the protein soda category in 2026. Nothing about the product is known. Its significance is the signal, not the spec",BellRing Brands,SEARCH-VERIFIED (entry announced; product specs not published),https://www.fooddive.com/news/premier-protein-soda-bellring-brands/819973/
Clean Simple Eats,Frosted Lemonade Clear Protein Soda,USA,USA,UNKNOWN,20,ultrafiltered whey protein isolate,UNKNOWN,UNKNOWN,UNKNOWN,UNKNOWN,UNKNOWN,UNKNOWN,UNKNOWN,Carbonated clear protein soda. Third independent formulator at exactly 20 g,Clean Simple Eats,SEARCH-VERIFIED (secondary listicle source only),https://blog.buckedup.com/2026/04/30/best-carbonated-protein-sodas-2026/
NXTUP,protein soda,USA,USA,UNKNOWN,20,whey protein isolate,UNKNOWN,80,0,UNKNOWN,UNKNOWN,UNKNOWN,UNKNOWN,"""German-engineered formula"". Fourth independent formulator at 20 g and 80 kcal",UNKNOWN,SEARCH-VERIFIED (secondary listicle source only),https://blog.buckedup.com/2026/04/30/best-carbonated-protein-sodas-2026/
Protein2o,20g Whey Protein Isolate Hydration Drink,USA,USA,500 (16.9 oz bottle),20,whey protein isolate,0,90,0,"no artificial sweeteners (brand claim)","USD 3.99-9.69 per bottle; 4-packs USD 7.97-31.88 (aggregated retail range across retailers/promos - indicative only)","UNKNOWN - no verified USD/EUR rate this session, conversion deliberately NOT made","Walmart; Amazon","*** NOT CARBONATED. *** Still protein water in a PET bottle, 3 g net carbs, 350-370 mg electrolytes, B5/B6. Listed to correct an earlier assumption in the brief - do not count it as a carbonated competitor",Protein2o,SEARCH-VERIFIED,https://www.walmart.com/ip/Protein2o-20g-Whey-Protein-Isolate-Electrolytes-Drink-Variety-Pack-16-9-fl-oz-Pack-of-12/392681214
Isopure,Clear Protein / Infusions,USA,USA,N/A - POWDER,20 per scoop,whey protein isolate,0,90,0,"no artificial sweeteners (brand claim)",UNKNOWN,UNKNOWN,"Walmart; Target; Amazon; GNC","*** POWDER, NOT AN RTD. *** Mixed into 14-18 fl oz of water by the consumer. Listed only to correct the brief's assumption that this was a sparkling RTD",Glanbia (The Isopure Company),SEARCH-VERIFIED,https://www.theisopurecompany.com/products/clear-protein-powder
NOCCO,NOCCO BCAA / BCAA+,Sweden,"Nordics; UK; wide EU; SOLD IN HUNGARY (GymBeam and others)",330,"~3 (DERIVED from ~0.9 g/100 ml label)","BCAA 8:1:1 leucine/valine/isoleucine, >=3000 mg; some SKUs marketed at 5 g BCAA. THIS IS AMINO ACIDS, NOT PROTEIN",180 (a caffeine-free Apple SKU exists),low - exact UNKNOWN,0,sugar-free - sweetener UNKNOWN,"HUNGARY: 690 HUF (Arukereso lowest) - 790 HUF (GymBeam RRP) - 940 HUF (other SKU). ICELAND: 349 ISK","1.90 - 2.59 (HU)","Grocery; gyms; convenience; online; GymBeam.hu","*** OUR REAL SHELF COMPETITOR IN HUNGARY, AND THE SHAPE OF THE EUROPEAN ANSWER. *** Europe's most successful functional can - our exact format, our exact channel, zero sugar - with essentially NO protein. Vitamin Well deliberately did not go after 20 g. Their Hungarian price band 690-940 HUF is the single most important pricing fact in this file: our 799 HUF RRP sits inside a band Hungarian gym consumers already pay for a can with ~3 g of amino acids. Steal their DISCIPLINE, not their graphics: one layout, one colour per flavour, three messages maximum on the front",Vitamin Well Group,SEARCH-VERIFIED (specs from nocco.com via search index; HU prices 2nd-hand from sibling dossier C2),https://nocco.com/our-products/
Barebells,Protein Milkshake 330 ml,Sweden,"wide EU; SOLD IN HUNGARY (GymBeam, HomeGym, BodyWorld, Vilgain)",330,~20-24 (dairy),"milk protein - OPAQUE MILKSHAKE, not clear, not carbonated",0,UNKNOWN,UNKNOWN,UNKNOWN,"HUNGARY: 890-999 HUF. ICELAND: 531 ISK","2.45 - 2.75 (HU)","Sports e-tail; gyms; grocery","*** THE PRICE CEILING AND THE CLEAREST POINT OF DIFFERENCE. *** Same 330 ml format, comparable protein, sold in the same fridges - at 890-999 HUF. Hungarians already pay ~4x the price of a Hell energy drink (230-319 HUF) for this. But it is an OPAQUE DAIRY MILKSHAKE. Cold, clear and fizzy is our entire differentiation, which is why the word SODA must be on the front of the can",Barebells (owner UNKNOWN - do not assume),SEARCH-VERIFIED (2nd-hand from sibling dossier C2; Arukereso/Iceland aha.is snippets),https://feherje.arukereso.hu/barebells/protein-milkshake-330ml-p431815668/
Vitamin Well,Vitamin Well range,Sweden,"Nordics; wide EU; Hungary presence UNKNOWN",UNKNOWN,UNKNOWN,"not a protein product - vitamin/functional water",UNKNOWN,UNKNOWN,UNKNOWN,UNKNOWN,UNKNOWN,UNKNOWN,UNKNOWN,"*** NOT RESEARCHED - LISTED SO THE GAP IS VISIBLE. *** Matters only as the parent group of NOCCO. Do not put any number against this row until someone verifies it",Vitamin Well Group,NOT RESEARCHED - no data obtained in this project,UNKNOWN
Myprotein,"Clear Whey Isolate; Clear Protein Whey & Collagen",UK,"wide EU; SOLD IN HUNGARY via myprotein.hu",N/A - POWDER,UNKNOWN per serving,"clear whey isolate; and a whey + COLLAGEN blend variant",UNKNOWN,UNKNOWN,UNKNOWN,UNKNOWN,UNKNOWN,UNKNOWN,myprotein.hu (DTC),"*** THE PROOF THAT OUR ARCH F ARCHITECTURE IS ALREADY SOLD IN HUNGARY. *** A whey + collagen ""clear protein"" blend is not exotic here - the market leader in online sports nutrition already lists one. That is cover for our formulation when a gym owner asks why there is collagen in it. NOTE: POWDER, not an RTD - it is not a shelf competitor, it is a credibility precedent. The Whey & Collagen variant is 2nd-hand from sibling files and was NOT independently verified",Myprotein (THG),"SEARCH-VERIFIED that myprotein.hu lists Clear Whey Isolate (snippet, page never opened). Whey & Collagen variant: SEARCH-VERIFIED 2nd-hand - RE-CHECK BEFORE QUOTING IT TO ANYONE",https://myprotein.hu/sports-nutrition/clear-whey-isolate/12081395.html
ProteinaCo,Clear Whey Protein Isolate,Hungary,Hungary,N/A - POWDER,25 per serving,clear whey protein isolate,UNKNOWN,UNKNOWN,UNKNOWN,UNKNOWN,"790 HUF per 25 g single-serving sachet; 7,638 HUF per 300 g tub",2.17 (sachet),proteinaco.hu (DTC),"*** A HUNGARIAN CONSUMER ALREADY PAYS 790 HUF FOR ONE SERVING OF CLEAR WHEY POWDER THEY HAVE TO MIX THEMSELVES. *** We are asking 799 HUF for the same category of protein, already mixed, cold, carbonated and in a can. This is the strongest single price argument we have",ProteinaCo (Hungary),SEARCH-VERIFIED (2nd-hand from sibling dossier C2; snippet only),https://www.proteinaco.hu/clear-whey-protein-isolate-1-adag-25-g/
Ehrmann,High Protein Drink,Germany,"Germany; Austria (SPAR); Hungary (Tesco)",250,20,"milk protein - OPAQUE, not carbonated",0,UNKNOWN,no added sugar,UNKNOWN,UNKNOWN - PRICE NOT CAPTURED IN ANY SOURCE,UNKNOWN,"Grocery: Tesco Hungary; SPAR Austria","The protein RTD that has crossed into mainstream GROCERY in both our markets, at the same 20 g spec. Lactose-free, gluten-free, low fat. Its Tesco HU shelf price is a HIGH-PRIORITY unknown - it probably sets the mass-market anchor for what ""20 g of protein in a container"" is worth in Hungary. Not a format competitor (opaque, still, 250 ml plastic)",Ehrmann AG,"SEARCH-VERIFIED (2nd-hand; SPAR AT listing confirmed to exist, PRICE NOT CAPTURED)",https://www.spar.at/produktwelt/ehrmann-high-protein-high-protein-drink-chocolate-p2020005420601
WOW Hydrate,Protein Pro,UK,"UK; sold in Iceland",UNKNOWN,UNKNOWN,UNKNOWN,UNKNOWN,UNKNOWN,UNKNOWN,UNKNOWN,UNKNOWN,UNKNOWN,fitnesssport.is (Iceland),Protein water - specs NEVER VERIFIED. Listed only so it is not forgotten,WOW Hydrate,NOT VERIFIED - name and channel only,https://fitnesssport.is/products/protein-pro-wow-hydrate
-- NOTE 1 --,THE 20 g FORMULATION CEILING,-,-,~355,20,-,-,80-100,0,-,-,-,-,"*** 20 g PER ~355 ml IS THE PRACTICAL FORMULATION CEILING FOR COMPLETE PROTEIN IN A CARBONATED CLEAR CAN. *** FIVE INDEPENDENT FORMULATORS CONVERGED ON THE SAME NUMBER: Fizzique (20 g / 355 ml / 80-90 kcal), C4 Sparkling Protein (20 g / 95 kcal), NXTUP (20 g / 80 kcal), Clean Simple Eats (20 g), Bucked Up 12 oz (20 g / 355 ml / 90 kcal). Convergence by five parties who do not share a formulator is strong evidence of a physical limit, not a coincidence. THE ONLY TWO WAYS ANYONE EXCEEDS IT: (a) change the format - Bucked Up needs 473 ml to carry 25 g; (b) dilute the protein quality - Protein Pop Plus reaches 30 g only by blending whey isolate with bovine collagen. Fizzique holds 7 US patents on this, which is direct evidence it is a hard problem with defended IP, not an obvious gap everyone overlooked",-,DERIVED from the SEARCH-VERIFIED rows above,-
-- NOTE 2 --,OUR 330 ml IS ~7.6% MORE CONCENTRATED THAN THE INDUSTRY STANDARD,Hungary,Hungary,330,20,ARCH F: 10 g hydrolysed bovine collagen + 10 g whey isolate + 1.7 g L-leucine + 150 mg L-tryptophan,0,~80,0,sucralose + acesulfame K,799 HUF RRP (range 699-899),2.20,"Direct + gym consignment, batch 1","*** ARITHMETIC: 20 g / 330 ml = 6.06 g protein per 100 ml. Industry standard 20 g / 355 ml = 5.63 g per 100 ml. 6.06 / 5.63 = 1.076, i.e. WE ARE ASKING FOR 7.6% MORE PROTEIN CONCENTRATION THAN THE PRODUCT THE WHOLE US CATEGORY CONVERGED ON. *** Half our protein is collagen, which is fully soluble and optically clear at pH 3.2, so this is probably survivable - the ~10 g of whey isolate is well inside normal. BUT THIS IS A DIRECT QUESTION FOR THE CO-PACKER'S TECHNOLOGIST BEFORE ANY MONEY MOVES: can you hold 20 g total protein solids clear and stable in 330 ml at pH 3.2 under carbonation, through shelf life? If the answer is no, the honest options are 330 ml at 15-18 g, or 355 ml at 20 g. DO NOT COMMISSION ARTWORK BEFORE THIS IS ANSWERED",Opre Label (target) / Bubee Hungary (backup),DERIVED (arithmetic shown) - the technical question is NEEDS PROFESSIONAL CONFIRMATION,-
-- NOTE 3 --,THE EUROPEAN GAP - WHY THIS IS STILL WORTH DOING,Europe,Europe,-,-,-,-,-,-,-,-,-,-,"*** NO COMPLETE-PROTEIN CARBONATED CAN WAS FOUND SHIPPING ANYWHERE IN THE EU. *** Everything verified shipping in Europe sits at 5.9-15 g and uses collagen or BCAA: COLLAB 5.9 g marine collagen, Mist Uppbygging 15 g collagen, NOCCO ~3 g as BCAA. The only 20 g complete-protein carbonated can in Europe is UPP - launched June 2026 in ICELAND, which is EEA and not EU, by a listed company with its own can line. THIS IS NOT WHITESPACE, IT IS A HEAD START MEASURED IN MONTHS. Fizzique proved the technology in 2017; C4, Bucked Up, Protein Pop and Premier Protein all moved in the US in 2026. Underwrite this as a SPEED AND DISTRIBUTION RACE, not as an invention. ABSENCE OF EVIDENCE CAVEAT: no dedicated UK, German or Polish sweep was ever completed - a European entrant may exist that this project never found",-,"SEARCH-VERIFIED for what was found; the European negative is ABSENCE OF EVIDENCE, not evidence of absence",-
