ingredient,supplier_spec_needed,grams_per_can,percent_w_v,purpose,huf_per_can,eur_per_can,status,notes
"Water (demineralised or low-hardness, treated)","Full water report from co-packer: total hardness, Ca, Mg, chloride, alkalinity, conductivity, microbiological. Target: low hardness, LOW CALCIUM, LOW CHLORIDE.","~305.9 (to 330 ml)",~92.7,"Solvent / carrier","UNKNOWN - QUOTE REQUIRED (co-packer, included in tolling)","UNKNOWN - QUOTE REQUIRED","BENCH TEST MANDATORY","WATER IS A FORMULATION INGREDIENT, NOT A UTILITY. Divalent Ca2+ screens the electrostatic repulsion that keeps whey clear (screening scales with valency squared) - hard water can ruin an otherwise-correct formula. Chloride is the main pitting-corrosion agent on the can liner. Hungarian municipal hardness varies by region. GET THE CO-PACKER WATER REPORT BEFORE THE FIRST TRIAL. Mass shown is approximate: 330 ml of a 7.3% w/v solution weighs more than 330 g, so fill is by VOLUME not mass."
"Hydrolysed bovine collagen peptides","Bovine HIDE-derived. Fully hydrolysed, MW ~2000-5000 Da, non-gelling, cold-water soluble. Protein (N x 6.25) >=90% - buy on protein spec, a 97% grade at EUR 17/kg beats a 90% grade at EUR 16/kg. Neutral flavour/odour. Clarity data at pH 3.0-3.5. Reg 853/2004 Annex III Section XV establishment approval number. TSE/BSE statement per Reg 999/2001 with hide country of origin. Non-novel-food confirmation in writing.",11.111,3.367,"Protein - carries 10 g of the 20 g declaration; optically clear and acid-stable at any beverage pH; low foam; not exposed to the 2026 dairy shortage",65.18,0.1795,"PUBLIC LIST PRICE (pilot tier) / QUOTE REQUIRED","Arithmetic: 10 g protein / 0.90 spec = 11.111 g powder; x 5.866 HUF/g = 65.18 HUF. Price basis FloraVita HU 20 kg bag 149,000 HUF gross / 1.27 / 20 kg = 5,866 HUF/kg net = EUR 16.16/kg, corroborated by published EUR 12-20/kg EU band. SCALE (1 t) tier = 4.538 HUF/g -> 50.42 HUF/can (ESTIMATE, anchored on GELITA EUR 12.50/kg). At a 97% spec only 10.31 g is needed - saves ~9.4 HUF/can. DIAAS approx 0; ZERO tryptophan; leucine ~2.5 g/100 g protein - see 03_PRODUCT_ARCHITECTURE.md section 5."
"Whey protein isolate - CLEAR / ACID-STABLE GRADE","Ion-exchange or purpose-engineered clear grade. Protein (N x 6.25) >=90%. LOW ASH, LOW CALCIUM, LOW FAT (<1%), LOW LACTOSE. Must be specified for CLEAR solutions at pH 3.0-3.5. Request: max recommended g/L at pH 3.2 while visually clear; turbidity (NTU) vs concentration curve; heat-stability envelope at pH 3.2; foaming/surface-activity data; calcium and ionic-strength sensitivity; dairy establishment approval number; allergen statement; CoA template. Named candidates to quote: Arla Lacprodan Clear Whey Isolate, Volac Volactive Pro2O RTM, Agropur/Davisco BiPRO.",11.111,3.367,"Protein - carries 10 g of the 20 g declaration; supplies the leucine and ALL of the tryptophan; the gym-credibility fraction",131.08,0.3611,"PUBLISHED MARKET INDEX (WPI90, Jul 2026) - QUOTE REQUIRED, AND CONFIRM AVAILABILITY","Arithmetic: 10 g protein / 0.90 = 11.111 g powder; x 11.7975 HUF/g = 131.08 HUF. Price basis DCA Market Intelligence WPI90 EUR 32,500/t (Jul 2026), search-extracted. STANDARD WPI IS NOT AUTOMATICALLY CLEAR WPI - a branded clear grade is ESTIMATED at ~+25% = EUR 40.63/kg = 163.9 HUF/can, which ADDS ~33 HUF/can. AVAILABILITY IS THE LIVE RISK, NOT PRICE: European whey manufacturers reported sold out through 2026; a 25 kg buyer is at the back of the queue and pays a premium above index. Concentration in can = 10 g / 0.330 L = 30.3 g/L, inside the ~30-45 g/L safe corridor. Milk = Annex II ALLERGEN, must be emphasised (bold) in the ingredient list."
"L-leucine (free amino acid)","Food grade (FCC/EP/USP), fermentation-derived, non-GMO statement, >=98.5% purity, CoA per lot, particle size suitable for cold dissolution.",1.700,0.515,"Raises total leucine from 1.30 g to 3.00 g per can - crosses the ~2.5-3.0 g threshold for maximal muscle protein synthesis; the single credibility lever that neutralises the collagen fraction",9.60,0.0264,"PUBLISHED MARKET INDEX CORRIDOR (ESTIMATE) - QUOTE REQUIRED; REGULATORY STATUS NEEDS PROFESSIONAL CONFIRMATION","Arithmetic: 1.7 g x 5.6488 HUF/g = 9.60 HUF. Price basis USD 18/kg (bulk corridor USD 8-20/kg) x 313.82 HUF/USD. SOLUBILITY CHECK: 1.7 g / 0.330 L = 5.15 g/L vs L-leucine solubility 22-24 g/L at 25 C - SAFE, but CAP FREE LEUCINE AT 2.5 g/CAN and bench-test for cold-chain haze at 4 C. TASTE: free leucine is distinctly BITTER - must be blind-panel tested against the citrus flavour. REGULATORY FLAG: addition of free amino acids to a BEVERAGE (not a supplement) may fall under Reg (EC) 1925/2006 and national HU rules - I COULD NOT VERIFY THIS. Confirm with a Hungarian food-law consultant BEFORE artwork. Fallback if restricted: ARCH C unspiked, drop the leucine claim."
"L-tryptophan (free amino acid)","Food grade (FCC/EP/USP), fermentation-derived, non-GMO statement, >=98.5% purity, CoA per lot.",0.150,0.045,"Closes collagen's total tryptophan gap with a large analytical safety margin; tryptophan is collagen's zero and therefore the DIAAS-limiting amino acid",0.71,0.0019,"PUBLISHED MARKET INDEX CORRIDOR (ESTIMATE) - QUOTE REQUIRED; REGULATORY STATUS NEEDS PROFESSIONAL CONFIRMATION","Arithmetic: 0.150 g x 4.7073 HUF/g = 0.71 HUF. Price basis USD 15/kg (bulk corridor USD 12-18/kg). SOLUBILITY: 0.45 g/L vs ~11 g/L limit - trivially safe. Sensorially silent at this level. THE GAP ARITHMETIC ONLY REQUIRES 15-25 mg: whey supplies 135 mg, FAO reference for 20 g protein is 150 mg. The plan's 150 mg is a deliberate ~10x margin costing 0.6 HUF extra. Total in can = 285 mg. Keep 150 mg for batch 1, reduce after the finished-can lab analysis if a shorter ingredient list is wanted. Same Reg 1925/2006 flag as L-leucine."
"Citric acid anhydrous (E330)","Food grade, anhydrous, fine granular. CoA per lot.",0.495,0.150,"Primary acidulant to pH 3.20 +/- 0.10; ALSO CHELATES CALCIUM, which actively helps clarity by sequestering the divalent ions that screen protein charge",0.247,0.00068,"PUBLISHED MARKET INDEX - DOSE IS A PLACEHOLDER, BENCH TITRATION MANDATORY","Arithmetic: 1.50 g/L x 0.330 L = 0.495 g; x 0.4990 HUF/g = 0.247 HUF. Price basis USD 1.59/kg Europe Jul 2026 (ChemAnalyst/IMARC). THE 1.50 g/L DOSE IS A STARTING HYPOTHESIS, NOT A SPECIFICATION. Protein is amphoteric and BUFFERS, so the acid dose needed at 7.3% w/v solids is NOT the dose needed in plain water - it must be titrated at bench. Expected status: Group I quantum satis in FoodEx category 14.1.4 (UNVERIFIED RECALL - read Reg 1333/2008 Annex II). Quantum satis still requires a justified documented use level."
"Malic acid (E296)","Food grade, DL-malic acid. CoA per lot.",0.264,0.080,"Secondary acidulant - rounder, longer sourness that suits lemon-lime; reported slightly less astringent than citric at equal pH",0.211,0.00058,"PUBLISHED MARKET INDEX - DOSE IS A PLACEHOLDER, BENCH TITRATION MANDATORY","Arithmetic: 0.80 g/L x 0.330 L = 0.264 g; x 0.8002 HUF/g = 0.211 HUF. Price basis USD 2.55/kg Europe (ChemAnalyst). Citric:malic ratio is a SENSORY decision to be made on a blind panel, not a spec. Expected Group I quantum satis (UNVERIFIED RECALL). DO NOT USE PHOSPHORIC ACID (E338): it is NOT quantum satis, it shares a restricted P2O5 group limit with the phosphates, and it is the most actively-amended part of the additive annex. Citric + malic do the whole job."
"Sucralose (E955)","Food grade, >=98% purity, CoA per lot, exact current E-number confirmed on the CoA.",0.0198,0.0060,"High-intensity sweetener - primary. Non-reducing and acid-stable, so it adds NO Maillard browning fuel and no yeast substrate",0.141,0.00039,"PUBLISHED MARKET INDEX - DOSE IS A PLACEHOLDER; LEGAL MAX UNVERIFIED","Arithmetic: 60 mg/L x 0.330 L = 0.0198 g; x 7.0966 HUF/g = 0.141 HUF. Price basis USD 22.61/kg Europe Q1 2026 (Tridge/chemtradeasia). RECALLED max in category 14.1.4 = 300 mg/L (UNVERIFIED RECALL - MUST be read from Reg 1333/2008 Annex II via the EU Food Additives Database). Sweeteners are permitted in 14.1.4 only in drinks that are energy-reduced or with no added sugar - our zero-sugar product satisfies this. DESIGN TO SUM-OF-RATIOS <= 1.0: (60/300) + (100/350) = 0.200 + 0.286 = 0.486 - large headroom for reformulation. OPTION: steviol glycosides instead of sucralose cost only +0.79 HUF/can; if 'no artificial sweeteners' is worth anything in the Hungarian gym channel it is essentially free."
"Acesulfame K (E950)","Food grade, >=99% purity, CoA per lot.",0.0330,0.0100,"High-intensity sweetener - synergist. Blending with sucralose gives a cleaner onset/decay profile than either alone and reduces total sweetener load",0.051,0.00014,"PUBLISHED MARKET INDEX - DOSE IS A PLACEHOLDER; LEGAL MAX UNVERIFIED","Arithmetic: 100 mg/L x 0.330 L = 0.0330 g; x 1.5412 HUF/g = 0.051 HUF. Price basis USD 4.911/kg Germany Q1 2026 (ChemAnalyst). RECALLED max in 14.1.4 = 350 mg/L (UNVERIFIED RECALL). DO NOT USE ASPARTAME (E951) OR E962: aspartame is NOT acid-stable over a 6-9 month shelf life at pH 3.2 and will lose sweetness, and it triggers a mandatory 'contains a source of phenylalanine' declaration. Excluding it costs nothing and removes a warning from the pack."
"Natural lemon-lime flavour","Water-soluble natural flavouring (NOT an emulsion, NOT a fruit juice or concentrate). Must be briefed for: pH 3.2, 7.3% w/v protein solids, zero sugar, carbonated, aluminium can, 6-9 month ambient shelf life. Ask the flavour house explicitly whether it masks (a) collagen's faint broth/savoury note, (b) whey astringency, (c) free-leucine bitterness, (d) the documented 'soapy' off-note of clear acidic whey beverages. Request 2-3 dose levels as samples.",0.495,0.150,"Flavour - and the primary masking system for astringency and the collagen note. Citrus is the correct direction: high acid is EXPECTED by the consumer, so pH 3.2 reads as 'correct' rather than 'sour'",5.437,0.01498,"LIKELY (secondary source) - QUOTE REQUIRED; DOSE MUST BE SET BY SENSORY TRIAL","Arithmetic: 0.15% w/v = 1.50 g/L x 0.330 L = 0.495 g; x 10.9837 HUF/g = 5.437 HUF. Price basis USD 35/kg working midpoint of a USD 10-60/kg corridor. THE FLAVOUR IS 88% OF THE NON-PROTEIN INGREDIENT COST (5.44 of 6.19 HUF). Beverage flavours dose at 0.01-0.2%; a zero-sugar drink with a heavy protein load will likely need the TOP of that range - budget for 0.20% = 7.25 HUF/can. USE FLAVOURING, NOT FRUIT JUICE OR CONCENTRATE: juice adds reducing sugars (Maillard browning), and fruit concentrate is the classic vector for Alicyclobacillus acidoterrestris. Quote from Doehler (has HU presence), Kanegrade, Symrise, Givaudan, IFF."
"Potassium sorbate (E202) - CONDITIONAL","Food grade, granular, >=99% purity, CoA per lot.",0.066,0.020,"Preservative - anti-yeast/anti-mould. ONLY REQUIRED IF THE PROCESS IS COLD FILL WITHOUT PASTEURISATION. Highly effective at pH 3.2 (pKa 4.76): the undissociated acid form dominates and crosses microbial membranes",0.105,0.00029,"PUBLISHED MARKET INDEX - CONDITIONAL ON PROCESS CHOICE; LEGAL MAX UNVERIFIED","Arithmetic: 200 mg/L x 0.330 L = 0.066 g; x 1.5848 HUF/g = 0.105 HUF. Price basis USD 5.05/kg Germany Q1 2026 (ChemAnalyst). RECALLED max for sorbates in 14.1.4 = 300 mg/L, benzoates 150 mg/L, with a LOWER COMBINED CAP when used together, expressed as the free acid (ALL UNVERIFIED RECALL - READ THE ANNEX II FOOTNOTES VERBATIM, this is where compliance is won or lost). DECISION RULE: INCLUDE if the co-packer cold-fills with no heat step - this is what the Icelandic reference product Mist does, and its potassium sorbate declaration is the strongest evidence the category cold-fills. OMIT if the co-packer tunnel-pasteurises AND confirms in writing that their validated PU schedule plus pH 3.2 delivers commercial stability without preservative - 'no preservatives' is worth real money in the gym channel. Sorbate is NOT a substitute for hygiene: Zygosaccharomyces bailii is sorbate-resistant at legal levels and is the classic soft-drink spoiler. A CHALLENGE TEST IS THE GATE FOR THE NO-PASTEURISATION DECISION."
"Carbon dioxide (E290)","Beverage grade, ISBT/EIGA purity specification, CoA per delivery.","~1.42 (2.2 volumes)",~0.043,"Carbonation - the 'soda' experience; ALSO a genuine antimicrobial hurdle (carbonic acid, membrane effects) and it displaces oxygen, suppressing all aerobic spoilers including moulds and Alicyclobacillus","UNKNOWN - QUOTE REQUIRED (co-packer, included in tolling)","UNKNOWN - QUOTE REQUIRED","TARGET SPEC - MUST BE CONFIRMED BY PILOT TRIAL","TARGET 2.0-2.4 VOLUMES; START BENCH AND PILOT TRIALS AT 2.2. Arithmetic: 2.2 vol x ~1.96 g/L per volume = ~4.31 g/L x 0.330 L = ~1.42 g. NOT 2.8+ volumes: every additional volume worsens foaming at the filler, gushing on opening, and can pressure. Colas run 2.5-3.8 vol; sports/functional drinks 1.8-2.5 vol. DISSOLVED CO2 LOWERS FINISHED pH BY ~0.1-0.3 UNITS versus the uncarbonated base - SET THE ACID DOSE AGAINST THE CARBONATED IN-CAN pH, NOT THE SYRUP pH. If the co-packer tunnel-pasteurises, CO2 volume is capped by the can's pressure rating at temperature - ask the can supplier for the rated internal pressure and max pasteurisation temperature."
"TOTAL (ARCH F, PILOT VOLUMES)","","24.07 g protein-source solids / 25.44 g total dissolved solids",7.29 (protein-source solids w/v),"20 g declared protein (~21.3 g measurable) | ~80 kcal declared | 3.00 g leucine | 285 mg tryptophan | pH 3.20 +/- 0.10 | 2.2 vol CO2",212.76,0.5861,"DERIVED - NOT A QUOTE, NOT VALIDATED","SUM CHECK: 65.18 + 131.08 + 9.60 + 0.71 + 0.247 + 0.211 + 0.141 + 0.051 + 5.437 + 0.105 = 212.76 HUF = EUR 0.5861 at 363 HUF/EUR. AT SCALE (1 t collagen tier): 197.99 HUF = EUR 0.5454. EXCLUDES: water, CO2, can, end, sleeve, filling/tolling, secondary packaging, freight, QC, yield loss - all UNKNOWN - QUOTE REQUIRED. Against the plan's ~491 HUF landed COGS, ingredients are 43%. NO PART OF THIS FORMULATION HAS BEEN MADE, TASTED, FILLED OR STORED. Every dose is a starting hypothesis for bench work, not a specification. See 05_FOOD_CHEMISTRY.md sections 10-11 for the full validation list."
